-- phpMyAdmin SQL Dump
-- version 4.8.5
-- https://www.phpmyadmin.net/
--
-- Host: 127.0.0.1
-- Waktu pembuatan: 29 Jul 2022 pada 10.46
-- Versi server: 10.1.38-MariaDB
-- Versi PHP: 5.6.40

SET SQL_MODE = "NO_AUTO_VALUE_ON_ZERO";
SET AUTOCOMMIT = 0;
START TRANSACTION;
SET time_zone = "+00:00";


/*!40101 SET @OLD_CHARACTER_SET_CLIENT=@@CHARACTER_SET_CLIENT */;
/*!40101 SET @OLD_CHARACTER_SET_RESULTS=@@CHARACTER_SET_RESULTS */;
/*!40101 SET @OLD_COLLATION_CONNECTION=@@COLLATION_CONNECTION */;
/*!40101 SET NAMES utf8mb4 */;

--
-- Database: `gudang_nrm`
--

DELIMITER $$
--
-- Fungsi
--
CREATE DEFINER=`root`@`localhost` FUNCTION `generate_barang_no` () RETURNS VARCHAR(6) CHARSET utf8 BEGIN
	DECLARE generate Varchar(6);
	Select LPAD(count(1)+1, 6,'0') into generate from tbl_barang WHERE `pk_barang_id`!='0000000';
RETURN (generate);
END$$

DELIMITER ;

-- --------------------------------------------------------

--
-- Stand-in struktur untuk tampilan `keluar`
-- (Lihat di bawah untuk tampilan aktual)
--
CREATE TABLE `keluar` (
`id_barang` int(11)
,`stok` decimal(32,0)
);

-- --------------------------------------------------------

--
-- Stand-in struktur untuk tampilan `stok`
-- (Lihat di bawah untuk tampilan aktual)
--
CREATE TABLE `stok` (
`id_barang` int(11)
,`stok` decimal(32,0)
);

-- --------------------------------------------------------

--
-- Struktur dari tabel `tbl_barang`
--

CREATE TABLE `tbl_barang` (
  `pk_barang_id` int(11) NOT NULL,
  `id_barang` varchar(20) DEFAULT NULL,
  `nama_barang` varchar(20) DEFAULT NULL,
  `fk_jenisbarang_id` int(11) DEFAULT NULL,
  `stok` int(11) DEFAULT NULL,
  `fk_satuan_id` int(11) DEFAULT NULL,
  `created_by` int(11) DEFAULT NULL,
  `created_date` datetime DEFAULT NULL
) ENGINE=InnoDB DEFAULT CHARSET=utf8mb4;

--
-- Dumping data untuk tabel `tbl_barang`
--

INSERT INTO `tbl_barang` (`pk_barang_id`, `id_barang`, `nama_barang`, `fk_jenisbarang_id`, `stok`, `fk_satuan_id`, `created_by`, `created_date`) VALUES
(1, 'B000001', 'AIR KERAS', 10, NULL, 9, NULL, NULL),
(2, 'B000002', 'AMPLAS CC 1000 EAGLE', 13, NULL, 14, NULL, NULL),
(3, 'B000003', 'AMPLOP COKLAT BEI', 12, NULL, 26, NULL, NULL),
(4, 'B000004', 'AMPLOP COKLAT GARDA', 11, NULL, 26, NULL, NULL),
(5, 'B000005', 'AMPLOP COKLAT TRICOM', 11, NULL, 11, NULL, NULL),
(6, 'B000006', 'AMPLOP PUTIH POLOS N', 11, NULL, 11, NULL, NULL),
(7, 'B000007', 'MOTTRON 6050', 8, NULL, 9, NULL, NULL),
(8, 'B000008', 'ASSY NO.PUTIH FRM-PR', 12, NULL, 16, NULL, NULL),
(9, 'B000009', 'ASSY NO.PUTIH FRM-WH', 12, NULL, 16, NULL, NULL),
(10, 'B000010', 'ATTENDANCE LIST PTI ', 12, NULL, 16, NULL, NULL),
(11, 'B000011', 'BALLPOINT AE7 ALFA T', 11, NULL, 8, NULL, NULL),
(12, 'B000012', 'BATERAI AA LR6 1.5V ', 10, NULL, 8, NULL, NULL),
(13, 'B000013', 'BATERAI AAA R03 1.5V', 10, NULL, 8, NULL, NULL),
(14, 'B000014', 'BATERAI CR2032 3V PA', 10, NULL, 8, NULL, NULL),
(15, 'B000015', 'BATERAI KOTAK 6LR61 ', 10, NULL, 8, NULL, NULL),
(16, 'B000016', 'BATERAI LR1130 1.5 M', 10, NULL, 8, NULL, NULL),
(17, 'B000017', 'BATERAI LR44 1.5V MA', 10, NULL, 8, NULL, NULL),
(18, 'B000018', 'BERITA ACARA PLASMA ', 12, NULL, 18, NULL, NULL),
(19, 'B000019', 'BINDER CLIP 105 KENK', 11, NULL, 15, NULL, NULL),
(20, 'B000020', 'BINDER CLIP 107 KENK', 11, NULL, 15, NULL, NULL),
(21, 'B000021', 'BINDER CLIP 111 KENK', 11, NULL, 15, NULL, NULL),
(22, 'B000022', 'BINDER CLIP 155 KENK', 11, NULL, 15, NULL, NULL),
(23, 'B000023', 'BINDER CLIP 260 KENK', 11, NULL, 15, NULL, NULL),
(25, 'B000025', 'B PENGELUARAN BARANG', 12, NULL, 18, NULL, NULL),
(26, 'B000026', 'BUKTI PENGELUARAN KA', 12, NULL, 18, NULL, NULL),
(27, 'B000027', 'BUKU BUSTER BINTANG ', 11, NULL, 18, NULL, NULL),
(28, 'B000028', 'BUKU EXPEDISI 100 AA', 11, NULL, 18, NULL, NULL),
(29, 'B000029', 'BUKU FOLIO 100 AA', 11, NULL, 18, NULL, NULL),
(30, 'B000030', 'BUKU KWARTO 100 AA', 11, NULL, 18, NULL, NULL),
(31, 'B000031', 'BUKU POCKET BEI', 11, NULL, 18, NULL, NULL),
(32, 'B000032', 'BUSINESS FILE A4-940', 11, NULL, 8, NULL, NULL),
(33, 'B000033', 'BUSINESS FILE FC SPR', 11, NULL, 8, NULL, NULL),
(34, 'B000034', 'CAIRAN ASEPTIC GEL @', 10, NULL, 19, NULL, NULL),
(35, 'B000035', 'CAIRAN PENCUCI TANGA', 10, NULL, 17, NULL, NULL),
(36, 'B000036', 'CH SH DR ACCESSORIES', 12, NULL, 16, NULL, NULL),
(37, 'B000037', 'CLEAR HOLDER F4 IMCO', 11, NULL, 8, NULL, NULL),
(38, 'B000038', 'CLIP BOARD EKSEKUTIV', 11, NULL, 8, NULL, NULL),
(39, 'B000039', 'CONTAC CLEANER STOP ', 8, NULL, 13, NULL, NULL),
(40, 'B000040', 'CONTINUOUS FORM 2PLY', 11, NULL, 12, NULL, NULL),
(41, 'B000041', 'CUTTER L-500 BESAR K', 11, NULL, 8, NULL, NULL),
(42, 'B000042', 'DEFECTIVE TAG 2 MUKA', 12, NULL, 14, NULL, NULL),
(43, 'B000043', 'DISPENSER TAPE 2 INC', 11, NULL, 8, NULL, NULL),
(44, 'B000044', 'DISPLY BOOK 3195 FOL', 11, NULL, 8, NULL, NULL),
(45, 'B000045', 'DOUBLE TAPE 1\" KENKO', 11, NULL, 20, NULL, NULL),
(46, 'B000046', 'DOUBLE TAPE 1\" 3M', 11, NULL, 20, NULL, NULL),
(47, 'B000047', 'DOUBLE TAPE 1 INCH S', 11, NULL, 20, NULL, NULL),
(48, 'B000048', 'DOUBLE TAPE 2\" KENKO', 11, NULL, 20, NULL, NULL),
(49, 'B000049', 'FISCHER S 6', 13, NULL, 8, NULL, NULL),
(50, 'B000050', 'FISCHER S 8', 13, NULL, 22, NULL, NULL),
(51, 'B000051', 'MARK TAPE YELLOW', 11, NULL, 20, NULL, NULL),
(52, 'B000052', 'PERMINTAAN PERBAIKAN', 12, NULL, 16, NULL, NULL),
(53, 'B000053', 'PERMOHONAN UANG MUKA', 12, NULL, 18, NULL, NULL),
(54, 'B000054', 'GELAS TUTUP AIR MINU', 10, NULL, 8, NULL, NULL),
(55, 'B000055', 'GUNCLIP CABLE TIES', 8, NULL, 8, NULL, NULL),
(56, 'B000056', 'GUNTING SC 838', 11, NULL, 8, NULL, NULL),
(57, 'B000057', 'GUNTING SC 848', 11, NULL, 8, NULL, NULL),
(58, 'B000058', 'IMPP FRM-PRD', 12, NULL, 16, NULL, NULL),
(59, 'B000059', 'ISI CUTER A-500', 11, NULL, 21, NULL, NULL),
(60, 'B000060', 'ISI CUTTER L-150', 11, NULL, 21, NULL, NULL),
(61, 'B000061', 'ISI STAPLES NO.10', 11, NULL, 15, NULL, NULL),
(62, 'B000062', 'ISI STAPLES T3-10MB', 11, NULL, 15, NULL, NULL),
(63, 'B000063', 'KABEL TIES CV-150', 18, NULL, 11, NULL, NULL),
(64, 'B000064', 'KABEL TIES CV-300', 18, NULL, 11, NULL, NULL),
(65, 'B000065', 'KAIN MAJUN', 14, NULL, 23, NULL, NULL),
(66, 'B000066', 'KAIN PEL + GAGANG NA', 10, NULL, 8, NULL, NULL),
(67, 'B000067', 'KAMPER WANGI BOLA', 10, NULL, 25, NULL, NULL),
(68, 'B000068', 'KAP LAMPU TL T8', 18, NULL, 8, NULL, NULL),
(69, 'B000069', 'KARET GELANG ', 14, NULL, 23, NULL, NULL),
(70, 'B000070', 'KARTU ABSEN RFID', 17, NULL, 8, NULL, NULL),
(72, 'B000071', 'BAJU MANAGER M', 9, NULL, 8, NULL, NULL),
(73, 'B000072', 'BAJU MANAGER L', 9, NULL, 8, NULL, NULL),
(74, 'B000073', 'BAJU  MANAGER XL', 9, NULL, 8, NULL, NULL),
(75, 'B000074', 'BAJU MANAGER XXL', 9, NULL, 8, NULL, NULL),
(76, 'B000075', 'BAJU STAFF S', 9, NULL, 8, NULL, NULL),
(77, 'B000076', 'BAJU STAFF M', 9, NULL, 8, NULL, NULL),
(78, 'B000077', 'BAJU STAFF L', 9, NULL, 8, NULL, NULL),
(79, 'B000078', 'BAJU STAFF XL', 9, NULL, 8, NULL, NULL),
(80, 'B000079', 'BAJU STAFF XXL', 9, NULL, 8, NULL, NULL),
(81, 'B000080', 'BAJU STAFF XXXL', 9, NULL, 8, NULL, NULL),
(82, 'B000081', 'CELANA STAFF 28', 9, NULL, 8, NULL, NULL),
(83, 'B000082', 'CELANA STAFF 29', 9, NULL, 8, NULL, NULL),
(84, 'B000083', 'CELANA STAFF 30', 9, NULL, 8, NULL, NULL),
(85, 'B000084', 'CELANA STAFF 31', 9, NULL, 26, NULL, NULL),
(86, 'B000085', 'CELANA STAFF 32', 9, NULL, 26, NULL, NULL),
(87, 'B000086', 'CELANA STAFF 33', 9, NULL, 26, NULL, NULL),
(88, 'B000087', 'CELANA STAFF 34', 9, NULL, 26, NULL, NULL),
(89, 'B000088', 'CELANA STAFF 35', 9, NULL, 26, NULL, NULL),
(90, 'B000089', 'CELANA STAFF 36', 9, NULL, 26, NULL, NULL),
(91, 'B000090', 'CELANA STAFF 37', 9, NULL, 26, NULL, NULL),
(92, 'B000091', 'CELANA STAFF 38', 9, NULL, 26, NULL, NULL),
(93, 'B000092', 'CELANA STAFF 39', 9, NULL, 26, NULL, NULL),
(94, 'B000093', 'CELANA STAFF 40', 9, NULL, 26, NULL, NULL),
(95, 'B000094', 'BAJU ENGINEERING S', 9, NULL, 26, NULL, NULL),
(96, 'B000095', 'BAJU ENGINEERING M', 9, NULL, 26, NULL, NULL),
(97, 'B000096', 'BAJU ENGINEERING L', 9, NULL, 26, NULL, NULL),
(98, 'B000097', 'BAJU ENGINEERING XL', 9, NULL, 26, NULL, NULL),
(99, 'B000098', 'BAJU ENGINEERING XXL', 9, NULL, 26, NULL, NULL),
(100, 'B000099', ' CELANA ENG 28', 9, NULL, 26, NULL, NULL),
(101, 'B000100', 'CELANA ENG 29', 9, NULL, 26, NULL, NULL),
(102, 'B000101', 'CELANA ENG 30', 9, NULL, 26, NULL, NULL),
(103, 'B000102', 'CELANA ENG 31', 9, NULL, 26, NULL, NULL),
(104, 'B000103', 'CELANA ENG 32', 9, NULL, 26, NULL, NULL),
(105, 'B000104', 'CELANA ENG 33', 9, NULL, 26, NULL, NULL),
(106, 'B000105', 'CELANA ENG 34', 9, NULL, 26, NULL, NULL),
(107, 'B000106', 'CELANA ENG 35', 9, NULL, 26, NULL, NULL),
(108, 'B000107', 'CELANA ENG 36', 9, NULL, 26, NULL, NULL),
(109, 'B000108', 'BAJU MAINTENANCE M', 9, NULL, 26, NULL, NULL),
(110, 'B000109', 'BAJU MAINTENANCE L', 9, NULL, 26, NULL, NULL),
(111, 'B000110', 'BAJU MAINTENANCE XL', 9, NULL, 26, NULL, NULL),
(112, 'B000111', 'CELANA MTN 32', 9, NULL, 26, NULL, NULL),
(113, 'B000112', 'CELANA MTN 33', 9, NULL, 26, NULL, NULL),
(114, 'B000113', 'CELANA MTN 34', 9, NULL, 26, NULL, NULL),
(115, 'B000114', 'CELANA MTN 35', 9, NULL, 26, NULL, NULL),
(116, 'B000115', 'CELANA MTN 36', 9, NULL, 26, NULL, NULL),
(117, 'B000116', 'KAOS NAVY M', 9, NULL, 26, NULL, NULL),
(118, 'B000117', 'KAOS NAVY L', 9, NULL, 26, NULL, NULL),
(119, 'B000118', 'KAOS NAVY XL', 9, NULL, 26, NULL, NULL),
(120, 'B000119', 'KAOS NAVY XXL', 9, NULL, 26, NULL, NULL),
(121, 'B000120', 'KAOS OP KUNING S', 9, NULL, 26, NULL, NULL),
(122, 'B000121', 'KAOS OP KUNING M', 9, NULL, 26, NULL, NULL),
(123, 'B000122', 'KAOS OP KUNING L', 9, NULL, 26, NULL, NULL),
(124, 'B000123', 'KAOS OP KUNING XL', 9, NULL, 26, NULL, NULL),
(125, 'B000124', 'KAOS OP BIRU S', 9, NULL, 26, NULL, NULL),
(126, 'B000125', 'KAOS OP BIRU M', 9, NULL, 26, NULL, NULL),
(127, 'B000126', 'KAOS OP BIRU L', 9, NULL, 26, NULL, NULL),
(128, 'B000127', 'KAOS OP BIRU XL', 9, NULL, 26, NULL, NULL),
(129, 'B000128', 'KAOS OP BIRU XXL', 9, NULL, 26, NULL, NULL),
(130, 'B000129', 'KAOS OP HITAM M', 9, NULL, 26, NULL, NULL),
(131, 'B000130', 'KAOS OP HITAM L', 9, NULL, 26, NULL, NULL),
(132, 'B000131', 'KAOS OP HITAM XL', 9, NULL, 26, NULL, NULL),
(133, 'B000132', 'KAOS OP HITAM XXL', 9, NULL, 26, NULL, NULL),
(134, 'B000133', 'KAOS CS M', 9, NULL, 26, NULL, NULL),
(135, 'B000134', 'KAOS CS L', 9, NULL, 26, NULL, NULL),
(136, 'B000135', 'BAJU DRIVER M', 9, NULL, 26, NULL, NULL),
(137, 'B000136', 'BAJU DRIVER L', 9, NULL, 26, NULL, NULL),
(138, 'B000137', 'BAJU DRIVER XL', 9, NULL, 8, NULL, NULL),
(139, 'B000138', 'BAJU DRIVER XXL', 9, NULL, 26, NULL, NULL),
(140, 'B000139', 'BAJU DRIVER XXXL', 9, NULL, 8, NULL, NULL),
(141, 'B000140', 'CELANA DRIVER 29', 9, NULL, 26, NULL, NULL),
(142, 'B000141', 'CELANA DRIVER 30', 9, NULL, 8, NULL, NULL),
(143, 'B000142', 'CELANA DRIVER 31', 9, NULL, 26, NULL, NULL),
(144, 'B000143', 'CELANA DRIVER 32', 9, NULL, 26, NULL, NULL),
(145, 'B000144', 'CELANA DRIVER 33', 9, NULL, 26, NULL, NULL),
(146, 'B000145', 'CELANA DRIVER 34', 9, NULL, 26, NULL, NULL),
(147, 'B000146', 'CELANA DRIVER 35', 9, NULL, 26, NULL, NULL),
(148, 'B000147', 'CELANA DRIVER 36', 9, NULL, 8, NULL, NULL),
(149, 'B000148', 'CELANA DRIVER 37', 9, NULL, 26, NULL, NULL),
(150, 'B000149', 'CELANA DRIVER 38', 9, NULL, 26, NULL, NULL),
(151, 'B000150', 'CELANA DRIVER 39', 9, NULL, 26, NULL, NULL),
(152, 'B000151', 'CELANA DRIVER 40', 9, NULL, 26, NULL, NULL),
(153, 'B000152', 'KAOS OP UNGU S', 9, NULL, 26, NULL, NULL),
(154, 'B000153', 'KAOS OP UNGU M', 9, NULL, 26, NULL, NULL),
(155, 'B000154', 'KAOS OP UNGU L', 9, NULL, 26, NULL, NULL),
(156, 'B000155', 'KAOS OP UNGU XL', 9, NULL, 26, NULL, NULL),
(157, 'B000156', 'KAOS OP ABU-ABU M', 9, NULL, 26, NULL, NULL),
(158, 'B000157', 'KAOS OP ABU-ABU L', 9, NULL, 26, NULL, NULL),
(159, 'B000158', 'HVS A3 SIDU', 11, NULL, 16, NULL, NULL),
(160, 'B000159', 'HVS A4 BIRU SIDU', 11, NULL, 16, NULL, NULL),
(161, 'B000160', 'HVS A4 HIJAU SIDU', 11, NULL, 16, NULL, NULL),
(162, 'B000161', 'HVS A4 KUNING SIDU', 11, NULL, 16, NULL, NULL),
(163, 'B000162', 'HVS A4 SINAR DUNIA', 11, NULL, 16, NULL, NULL),
(164, 'B000163', 'KERTAS A4 BURAM GAND', 11, NULL, 16, NULL, NULL),
(165, 'B000164', 'HVS F4 SINAR DUNIA', 11, NULL, 16, NULL, NULL),
(166, 'B000165', 'KERTAS F4 KARTON PUT', 11, NULL, 11, NULL, NULL),
(167, 'B000166', 'KERTAS FOTO 230 GR', 11, NULL, 11, NULL, NULL),
(168, 'B000167', 'KERTAS PLOTER 90X50', 11, NULL, 20, NULL, NULL),
(170, 'B000169', 'KOP SURAT BEI', 12, NULL, 16, NULL, NULL),
(171, 'B000170', 'KOP SURAT PTI', 12, NULL, 16, NULL, NULL),
(172, 'B000171', 'KUAS 1 INCH', 13, NULL, 26, NULL, NULL),
(173, 'B000172', 'KUAS 2 INCH', 13, NULL, 26, NULL, NULL),
(174, 'B000173', 'KUAS 3 INCH', 13, NULL, 26, NULL, NULL),
(175, 'B000174', 'NAME PLATE BLUE', 17, NULL, 20, NULL, NULL),
(176, 'B000175', 'NAME PLATE YELLOW', 17, NULL, 20, NULL, NULL),
(177, 'B000176', 'NAME PLATE WHITE', 17, NULL, 20, NULL, NULL),
(178, 'B000177', 'LABEL TOM&JERRY', 11, NULL, 12, NULL, NULL),
(179, 'B000178', 'LABEL QA BLUE 20X40', 17, NULL, 20, NULL, NULL),
(180, 'B000179', 'LABEL YUPO4841 WHITE', 17, NULL, 20, NULL, NULL),
(181, 'B000180', 'LABEL YUPO7178 BLUE', 17, NULL, 20, NULL, NULL),
(182, 'B000181', 'LABEL YUPO7178 YELOW', 17, NULL, 20, NULL, NULL),
(183, 'B000182', 'LABEL YUPO7178 WHITE', 17, NULL, 20, NULL, NULL),
(184, 'B000183', 'LABEL WOS BLUE', 17, NULL, 20, NULL, NULL),
(185, 'B000184', 'LABEL WOS YELLOW', 17, NULL, 20, NULL, NULL),
(186, 'B000185', 'LABEL WOS WHITE', 17, NULL, 20, NULL, NULL),
(187, 'B000186', 'LABEL LASER A4 T&J', 11, NULL, 11, NULL, NULL),
(188, 'B000187', 'LAKBAN BENING 1 INCH', 11, NULL, 20, NULL, NULL),
(189, 'B000188', 'LAKBAN BENING 2 INCH', 11, NULL, 20, NULL, NULL),
(190, 'B000189', 'LAMPU TL LED 18 W', 18, NULL, 26, NULL, NULL),
(191, 'B000190', 'LEM EPOTEC KOREA', 10, NULL, 26, NULL, NULL),
(192, 'B000191', 'GLUE STIK KENKO', 11, NULL, 8, NULL, NULL),
(193, 'B000192', 'GLUE STIK TIGER', 8, NULL, 26, NULL, NULL),
(194, 'B000193', 'LEM AICA AIBON', 13, NULL, 13, NULL, NULL),
(195, 'B000194', 'MAP CARRY FILE PUTIH', 11, NULL, 26, NULL, NULL),
(196, 'B000195', 'FRESH MASK HITAM', 14, NULL, 26, NULL, NULL),
(197, 'B000196', 'MASKER SINGGLE CHEMI', 14, NULL, 26, NULL, NULL),
(198, 'B000197', 'MATA JIG SAW NO.3', 13, NULL, 26, NULL, NULL),
(199, 'B000198', 'MATA ROOFING 8MM', 13, NULL, 26, NULL, NULL),
(200, 'B000199', 'MATA SEKRUP 2X65', 13, NULL, 26, NULL, NULL),
(201, 'B000200', 'MATERAI 10000', 11, NULL, 26, NULL, NULL),
(202, 'B000201', 'MINUTES OF MEETING B', 12, NULL, 16, NULL, NULL),
(203, 'B000202', 'ARCH FILE BANTEX A4', 11, NULL, 26, NULL, NULL),
(204, 'B000203', 'PAKU RIVET 4X12,7', 13, NULL, 26, NULL, NULL),
(205, 'B000204', 'PAKU TEMBAK 1010J', 13, NULL, 22, NULL, NULL),
(206, 'B000205', 'PAPER CLIPS NO.1', 11, NULL, 15, NULL, NULL),
(207, 'B000206', 'PAPER CLIPS NO.3', 11, NULL, 15, NULL, NULL),
(208, 'B000207', 'PMK PTI', 12, NULL, 16, NULL, NULL),
(209, 'B000208', 'PEMBOLONG KERTAS NO.', 11, NULL, 26, NULL, NULL),
(210, 'B000209', 'PENGGARIS BESI 100CM', 11, NULL, 26, NULL, NULL),
(211, 'B000210', 'PENGGARIS BESI 60 CM', 11, NULL, 8, NULL, NULL),
(212, 'B000211', 'PENGGARIS BESI 30 CM', 11, NULL, 26, NULL, NULL),
(213, 'B000212', 'PENGGARIS BESI 15 CM', 11, NULL, 26, NULL, NULL),
(214, 'B000213', 'PENGHAPUS 2B RASOPLA', 11, NULL, 26, NULL, NULL),
(215, 'B000214', 'PENGHAPUS BW-80', 11, NULL, 8, NULL, NULL),
(216, 'B000215', 'PENGKI + GAGANG', 10, NULL, 8, NULL, NULL),
(217, 'B000216', 'PENJEPIT ID CARD', 11, NULL, 26, NULL, NULL),
(218, 'B000217', 'PITA LQ 2180 EPSON', 17, NULL, 26, NULL, NULL),
(219, 'B000218', 'PLASTIK HITAM 90X120', 14, NULL, 11, NULL, NULL),
(220, 'B000219', 'PLASTIK ID CARD', 11, NULL, 8, NULL, NULL),
(221, 'B000220', 'PLASTIK JIG 0.5A 45M', 14, NULL, 20, NULL, NULL),
(222, 'B000221', 'PLASTIK KLIP 20X12', 14, NULL, 11, NULL, NULL),
(223, 'B000222', 'LAMINATING FOLIO ', 11, NULL, 11, NULL, NULL),
(224, 'B000223', 'LAMINATING ID CARD', 11, NULL, 11, NULL, NULL),
(225, 'B000224', 'PLASTIK PE 100X60', 14, NULL, 23, NULL, NULL),
(226, 'B000225', 'PLASTIK PE 60X100', 14, NULL, 23, NULL, NULL),
(227, 'B000226', 'PLASTIK PE 50X75', 14, NULL, 23, NULL, NULL),
(228, 'B000227', 'PLASTIK PE 40X60', 14, NULL, 23, NULL, NULL),
(229, 'B000228', 'PLASTIK PE 35X50', 14, NULL, 23, NULL, NULL),
(230, 'B000229', 'PLASTIK PE 20X45', 14, NULL, 23, NULL, NULL),
(231, 'B000230', 'PLASTIK PE 12X25', 14, NULL, 23, NULL, NULL),
(232, 'B000231', 'WRAPPING BABYROLL', 14, NULL, 20, NULL, NULL),
(233, 'B000232', 'WRAPPING BESAR', 14, NULL, 20, NULL, NULL),
(234, 'B000233', 'POCKET A3 BANTEX', 11, NULL, 8, NULL, NULL),
(235, 'B000234', 'POST IT NOTE', 11, NULL, 24, NULL, NULL),
(236, 'B000235', 'POST IT SIGN HERE', 11, NULL, 24, NULL, NULL),
(237, 'B000236', 'QUALITY CONTROL INSP', 12, NULL, 16, NULL, NULL),
(238, 'B000237', 'REALISASI PENGELUARA', 12, NULL, 16, NULL, NULL),
(239, 'B000238', ' REFIL PEMBERSIH KAC', 10, NULL, 19, NULL, NULL),
(240, 'B000239', 'RIBBON CARTRIDGE LQ2', 17, NULL, 8, NULL, NULL),
(241, 'B000240', 'RIBBON RESIN 60X100', 17, NULL, 20, NULL, NULL),
(242, 'B000241', 'RIBBON AG-3 102X100', 17, NULL, 20, NULL, NULL),
(243, 'B000242', 'RIBBON AG-3 102X270', 17, NULL, 20, NULL, NULL),
(244, 'B000243', 'RIBBON RESIN 140X300', 17, NULL, 20, NULL, NULL),
(245, 'B000244', 'SAPU+PENGKI KECIL', 10, NULL, 29, NULL, NULL),
(246, 'B000245', 'SAPU IJUK DRAGON', 10, NULL, 8, NULL, NULL),
(247, 'B000246', 'SARUNG TANGAN HORSE', 14, NULL, 30, NULL, NULL),
(248, 'B000247', 'SARUNG TANGAN PROMAS', 14, NULL, 30, NULL, NULL),
(249, 'B000248', 'SARUNG TANGAN COMET', 14, NULL, 30, NULL, NULL),
(250, 'B000249', 'SARUNG TANGAN SENSI', 14, NULL, 12, NULL, NULL),
(251, 'B000250', 'SEAL TAPE ONDA', 13, NULL, 26, NULL, NULL),
(252, 'B000251', 'SEMIR BAN IKORI', 16, NULL, 17, NULL, NULL),
(253, 'B000252', 'SEMIR BAN TOPPAS', 16, NULL, 10, NULL, NULL),
(254, 'B000253', 'STAP', 12, NULL, 18, NULL, NULL),
(255, 'B000254', 'SHAMPO MOBIL TOPPAS', 16, NULL, 10, NULL, NULL),
(256, 'B000255', 'SPIDOL OHP-F BLUE', 11, NULL, 8, NULL, NULL),
(257, 'B000256', 'SPIDOL OHP-F BLACK', 11, NULL, 8, NULL, NULL),
(258, 'B000257', 'MARKER BIRU SNOWMAN', 11, NULL, 26, NULL, NULL),
(259, 'B000258', 'MARKER SILVER SNOWMA', 11, NULL, 26, NULL, NULL),
(260, 'B000259', 'MARKER PUTIH SNOWMAN', 11, NULL, 26, NULL, NULL),
(261, 'B000260', 'MARKER GOLD SNOWMAN', 11, NULL, 8, NULL, NULL),
(262, 'B000261', 'MARKER YELLOW ARTLIN', 11, NULL, 8, NULL, NULL),
(263, 'B000262', 'MARKER HIJAU ARTLINE', 11, NULL, 26, NULL, NULL),
(264, 'B000263', 'SPIDOL HTM 70 ART', 11, NULL, 26, NULL, NULL),
(265, 'B000264', 'SPIDOL BRU 70 ART', 11, NULL, 26, NULL, NULL),
(266, 'B000265', 'SPIDOL WB HTM ART', 11, NULL, 26, NULL, NULL),
(267, 'B000266', 'MARKER SILVER ART', 11, NULL, 26, NULL, NULL),
(268, 'B000267', 'MARKER GOLD ART', 11, NULL, 26, NULL, NULL),
(269, 'B000268', 'STABILO HIJAU', 11, NULL, 8, NULL, NULL),
(270, 'B000269', 'STABILO KUNING', 11, NULL, 26, NULL, NULL),
(271, 'B000270', 'STABILO ORANGE', 11, NULL, 26, NULL, NULL),
(272, 'B000271', 'STABILO PINK', 11, NULL, 8, NULL, NULL),
(273, 'B000272', 'STAPLER HD-10 KECIL', 11, NULL, 8, NULL, NULL),
(274, 'B000273', 'STIKER FIFO BB HIJAU', 12, NULL, 8, NULL, NULL),
(275, 'B000274', 'STIKER BB KUNING ', 12, NULL, 8, NULL, NULL),
(276, 'B000275', 'STIKER FIFO BB MERAH', 12, NULL, 8, NULL, NULL),
(277, 'B000276', 'STIKER FIFO BB VIOLE', 12, NULL, 8, NULL, NULL),
(278, 'B000277', 'STIKER FIFO KB HIJAU', 12, NULL, 26, NULL, NULL),
(279, 'B000278', 'STIKER FIFO KBKUNING', 12, NULL, 8, NULL, NULL),
(280, 'B000279', 'STIKER FIFO KB MERAH', 12, NULL, 8, NULL, NULL),
(281, 'B000280', 'STIKER FIFO KB VIOLE', 12, NULL, 26, NULL, NULL),
(282, 'B000281', 'STIKER FIFO SB HIJAU', 12, NULL, 8, NULL, NULL),
(283, 'B000282', 'STIKER FIFO SBKUNING', 12, NULL, 8, NULL, NULL),
(284, 'B000283', 'STIKER FIFO SB MERAH', 12, NULL, 8, NULL, NULL),
(285, 'B000284', 'STIKER FIFO SB VIOLE', 12, NULL, 26, NULL, NULL),
(286, 'B000285', 'STOP KONTAK 2 LBNG', 18, NULL, 26, NULL, NULL),
(287, 'B000286', 'STTKK PROSES PREPARA', 12, NULL, 18, NULL, NULL),
(288, 'B000287', 'SURAT IZIN BEROBAT', 12, NULL, 16, NULL, NULL),
(289, 'B000288', 'SURAT JALAN BEI', 12, NULL, 18, NULL, NULL),
(290, 'B000289', 'SURAT JALAN PTI', 12, NULL, 18, NULL, NULL),
(291, 'B000290', 'SURAT KETERANGAN DIN', 12, NULL, 16, NULL, NULL),
(292, 'B000291', 'TALI ID CARD', 11, NULL, 8, NULL, NULL),
(293, 'B000292', 'TALI RAFIA 1 KG', 10, NULL, 20, NULL, NULL),
(294, 'B000293', 'TANDA TERIMA DOKUMEN', 12, NULL, 18, NULL, NULL),
(295, 'B000294', 'TAPE MEASURE 3 M', 8, NULL, 8, NULL, NULL),
(296, 'B000295', 'TS KERANJANG C-30', 10, NULL, 26, NULL, NULL),
(297, 'B000296', 'TS KOTAK 42LTR', 10, NULL, 26, NULL, NULL),
(298, 'B000297', 'TIMAH SOLDER 0.8 PAN', 15, NULL, 26, NULL, NULL),
(307, 'B000306', 'TINTA STEMPLE BIRU A', 11, NULL, 8, NULL, NULL),
(308, 'B000307', 'ONE TONER C-319', 17, NULL, 8, NULL, NULL),
(309, 'B000308', 'ONE TONER C-325', 11, NULL, 26, NULL, NULL),
(310, 'B000309', 'TIPE-X 30 GR', 11, NULL, 26, NULL, NULL),
(311, 'B000310', 'TISSU KOTAK LIVI', 14, NULL, 11, NULL, NULL),
(312, 'B000311', 'TISSU ROLL POLOS', 14, NULL, 20, NULL, NULL),
(313, 'B000312', 'TONER 1 KG BIRU GLOB', 11, NULL, 8, NULL, NULL),
(315, 'B000314', 'DESIGNJET CYAN C9398', 17, NULL, 8, NULL, NULL),
(316, 'B000315', 'DESIGNJET PHOTO BLAC', 17, NULL, 8, NULL, NULL),
(317, 'B000316', 'WD-40412 MIL', 8, NULL, 13, NULL, NULL),
(318, 'B000316', 'WIPER PEMBERSIH KACA', 10, NULL, 8, NULL, NULL),
(319, 'B000317', 'CONTAINER BOX HW', 10, NULL, 26, NULL, NULL),
(320, 'B000318', 'CELANA STAFF 27', 9, NULL, 26, NULL, NULL),
(321, 'B000319', 'KAOS NAVY S', 9, NULL, 26, NULL, NULL),
(322, 'B000320', 'CELANA MTN 38', 9, NULL, 26, NULL, NULL),
(323, 'B000321', 'CELANA MTN 40', 9, NULL, 26, NULL, NULL),
(324, 'B000322', 'BAJU MAINTENANCE XXL', 9, NULL, 26, NULL, NULL),
(325, 'B000323', 'BAJU SCR SAFARI M', 9, NULL, 26, NULL, NULL),
(326, 'B000324', 'BAJU SCR SAFARI L', 9, NULL, 26, NULL, NULL),
(327, 'B000325', 'BAJU SCR SAFARI XL', 9, NULL, 26, NULL, NULL),
(328, 'B000326', 'BAJU SCR SAFARI XXL', 9, NULL, 26, NULL, NULL),
(329, 'B000327', 'CELANA SAFARI M', 9, NULL, 26, NULL, NULL),
(330, 'B000328', 'CELANA SAFARI L', 9, NULL, 26, NULL, NULL),
(331, 'B000329', 'CELANA SAFARI XL', 9, NULL, 26, NULL, NULL),
(332, 'B000330', 'CELANA SAFARI XXL', 9, NULL, 26, NULL, NULL),
(333, 'B000331', 'BAJU SCR POLISI M', 9, NULL, 26, NULL, NULL),
(334, 'B000332', 'BAJU SCR POLISI L', 9, NULL, 26, NULL, NULL),
(335, 'B000333', 'BAJU SCR POLISI XL', 9, NULL, 26, NULL, NULL),
(336, 'B000334', 'BAJU SCR POLISI XXL', 9, NULL, 26, NULL, NULL),
(337, 'B000335', 'CELANA SCR POLISI 35', 9, NULL, 26, NULL, NULL),
(338, 'B000336', 'CELANA SCR POLISI 28', 9, NULL, 26, NULL, NULL),
(339, 'B000337', 'CELANA SCR POLISI 29', 9, NULL, 26, NULL, NULL),
(340, 'B000338', 'CELANA SCR POLISI 30', 9, NULL, 26, NULL, NULL),
(341, 'B000339', 'CELANA SCR POLISI 31', 9, NULL, 26, NULL, NULL),
(342, 'B000340', 'BAJU STAFF BANSHU M', 9, NULL, 26, NULL, NULL),
(343, 'B000341', 'BAJU STAFF BANSHU L', 9, NULL, 26, NULL, NULL),
(344, 'B000342', 'CELANA BANSHU 29', 9, NULL, 26, NULL, NULL),
(345, 'B000343', 'CELANA BANSHU 32', 9, NULL, 26, NULL, NULL),
(346, 'B000344', 'BAJU BATIK CS M', 9, NULL, 26, NULL, NULL),
(347, 'B000345', 'BAJU BATIK CS L', 9, NULL, 26, NULL, NULL),
(348, 'B000346', 'BAJU BATIK CS XL', 9, NULL, 26, NULL, NULL),
(349, 'B000347', 'CELANA BATIK CS 27', 9, NULL, 26, NULL, NULL),
(350, 'B000348', 'CELANA BATIK CS 28', 9, NULL, 26, NULL, NULL),
(351, 'B000349', 'CELANA BATIK CS 30', 9, NULL, 26, NULL, NULL),
(352, 'B000350', 'CELANA BATIK CS 32', 9, NULL, 26, NULL, NULL),
(353, 'B000351', 'DOUBLE TAPE 1/2\"', 11, NULL, 20, NULL, NULL),
(354, 'B000352', 'BUKTI PENERIMAAN KAS', 12, NULL, 18, NULL, NULL),
(355, 'B000353', 'B. PERMINTAAN BARANG', 12, NULL, 18, NULL, NULL),
(356, 'B000354', 'TINTA 003 YELLOW', 17, NULL, 26, NULL, NULL),
(357, 'B000355', 'TINTA 003 CYN', 17, NULL, 26, NULL, NULL),
(358, 'B000356', 'TINTA 003 MGT', 17, NULL, 26, NULL, NULL),
(359, 'B000357', 'TINTA 003 BLACK', 17, NULL, 26, NULL, NULL),
(360, 'B000358', 'TINTA T6641 BLACK', 17, NULL, 26, NULL, NULL),
(361, 'B000359', 'TINTA T6642 CYN', 17, NULL, 26, NULL, NULL),
(362, 'B000360', 'TINTA T6643 MGT', 17, NULL, 26, NULL, NULL),
(363, 'B000361', 'TINTA T6644 YELLOW', 17, NULL, 26, NULL, NULL),
(364, 'B000354', 'TINTA STEMPEL MERAH', 11, NULL, 26, NULL, NULL),
(365, 'B000355', 'CARD CASE A4', 11, NULL, 8, NULL, NULL),
(366, 'B000356', 'CARD CASE A3', 11, NULL, 26, NULL, NULL),
(367, 'B000357', 'LABEL T&J 100', 11, NULL, 11, NULL, NULL),
(368, 'B000358', 'LABEL T&J 103', 11, NULL, 11, NULL, NULL),
(369, 'B000359', 'LABEL T&J 106', 11, NULL, 11, NULL, NULL),
(370, 'B000360', 'LABEL T&J 109', 11, NULL, 11, NULL, NULL),
(371, 'B000361', 'KERTAS THERMAL/KANBA', 17, NULL, 20, NULL, NULL),
(372, 'B000362', 'TINTA T730 MATTE BLA', 17, NULL, 26, NULL, NULL),
(373, 'B000363', 'TINTA T730 PHOTO BLA', 17, NULL, 26, NULL, NULL),
(374, 'B000364', 'CONTINUOUS FORM 5PLY', 17, NULL, 12, NULL, NULL),
(375, 'B000365', 'POCKET A4 BANTEX', 11, NULL, 26, NULL, NULL),
(376, 'B000366', 'POCKET F/C BANTEX', 11, NULL, 26, NULL, NULL),
(377, 'B000367', 'KESET KAIN CENDOL', 10, NULL, 8, NULL, NULL),
(378, 'B000368', 'SENTER LED BESAR 15W', 18, NULL, 26, NULL, NULL),
(379, 'B000369', 'KAIN CELEMEK BIRU', 14, NULL, 8, NULL, NULL),
(380, 'B000370', 'WHITE OIL', 16, NULL, 17, NULL, NULL),
(381, 'B000370', 'ELEVATED TRAY 3 SUSU', 11, NULL, 26, NULL, NULL),
(382, 'B000371', 'BOX FILE FOLIO 4011', 11, NULL, 26, NULL, NULL),
(383, 'B000371', 'ISI CUTTER LCB-70A', 11, NULL, 21, NULL, NULL),
(384, 'B000372', 'SEPATU SAFETY UK 7', 10, NULL, 30, NULL, NULL),
(385, 'B000373', 'SEPATU SAFETY UK 8', 10, NULL, 30, NULL, NULL),
(386, 'B000374', 'SEPATU SAFETY UK 6', 10, NULL, 30, NULL, NULL),
(387, 'B000375', 'SEPATU SAFETY UK 9', 10, NULL, 30, NULL, NULL),
(388, 'B000376', 'GEMBOK KUNCI NO.40', 10, NULL, 26, NULL, NULL),
(389, 'B000377', 'MUR M4', 13, NULL, 8, NULL, NULL),
(390, 'B000378', 'RING M4', 13, NULL, 8, NULL, NULL),
(391, 'B000379', 'SARUNG TANGAN CLEAN ', 14, NULL, 11, NULL, NULL),
(392, 'B000380', 'S IZIN MENINGGALKAN ', 12, NULL, 16, NULL, NULL),
(393, 'B000381', 'MATA BOR D2 NACHI', 13, NULL, 8, NULL, NULL),
(394, 'B000382', 'MATA BOR D3 NACHI', 13, NULL, 8, NULL, NULL),
(395, 'B000383', 'MATA BOR D4 NACHI', 13, NULL, 8, NULL, NULL),
(396, 'B000384', 'MATA BOR D5 NACHI', 13, NULL, 8, NULL, NULL),
(397, 'B000385', 'MATA BOR D6 NACHI', 13, NULL, 8, NULL, NULL),
(398, 'B000386', 'MATA BOR D7 NACHI', 13, NULL, 8, NULL, NULL),
(399, 'B000387', 'MATA BOR D8.5 NACHI', 13, NULL, 8, NULL, NULL),
(400, 'B000388', 'BALLPOINT 4 WARNA', 11, NULL, 26, NULL, NULL),
(401, 'B000389', 'PARKIR TANPA KARCIS', 12, NULL, 16, NULL, NULL),
(402, 'B000390', 'CLAIM MAKAN PTI', 12, NULL, 16, NULL, NULL),
(403, 'B000391', 'MARKER PUTIH ARTLINE', 11, NULL, 8, NULL, NULL),
(404, 'B000392', 'BAUT JP 4X30', 13, NULL, 8, NULL, NULL),
(405, 'B000393', 'MATA BOR D8 NACHI', 13, NULL, 8, NULL, NULL),
(406, 'B000394', 'MATA BOR MILLING D4', 13, NULL, 8, NULL, NULL),
(407, 'B000395', 'MATA BOR MILLING D8', 13, NULL, 8, NULL, NULL),
(408, 'B000396', 'MATA BOR MILLING D5', 13, NULL, 8, NULL, NULL),
(409, 'B000397', 'MATA BOR MILLING D7', 13, NULL, 8, NULL, NULL),
(410, 'B000398', 'MATA BOR MILLING D2', 13, NULL, 25, NULL, NULL),
(411, 'B000399', 'MOTTRON 3050', 8, NULL, 9, NULL, NULL),
(412, 'B000400', 'KERTAS PLOTER 83X50', 11, NULL, 20, NULL, NULL),
(413, 'B000401', 'M.B MILLING D5 3 FLU', 13, NULL, 26, NULL, NULL),
(414, 'B000402', 'M.B MILLING D5 6 FLU', 13, NULL, 26, NULL, NULL),
(415, 'B000403', 'M.B MILLING D5 7 FLU', 13, NULL, 8, NULL, NULL),
(417, 'B000405', 'CORDLESS IMPACT DRIL', 13, NULL, 31, NULL, NULL),
(418, 'B000406', 'MESIN BOR BOSCH', 13, NULL, 31, NULL, NULL),
(419, 'B000407', 'M.BOR 10X160 BOSCH', 13, NULL, 26, NULL, NULL),
(420, 'B000408', 'M.BOR 6X160 BOSCH', 13, NULL, 26, NULL, NULL),
(421, 'B000409', 'M.BOR 8X160 BOSCH', 13, NULL, 26, NULL, NULL),
(422, 'B000409', 'BOR CHARGER CORDLESS', 8, NULL, 31, NULL, NULL),
(424, 'B000410', 'INDEX & MARK JOYKO', 11, NULL, 11, NULL, NULL),
(425, 'B000411', 'PLASTIK KLIP 30X20', 14, NULL, 11, NULL, NULL),
(426, 'B000412', 'KLEM SELANG 1/4\"', 8, NULL, 26, NULL, NULL),
(427, 'B000413', 'DISPENSER TAPE 1 INC', 11, NULL, 26, NULL, NULL),
(428, 'B000414', 'FORM CUTI', 12, NULL, 16, NULL, NULL),
(429, 'B000415', 'SEPATU SAFETY W 6', 10, NULL, 30, NULL, NULL),
(430, 'B000416', 'SEPATU SAFETY W 7', 10, NULL, 30, NULL, NULL),
(431, 'B000417', 'TOPLES KOTAK 500ML', 10, NULL, 26, NULL, NULL),
(432, 'B000418', 'TS SWING KOTAK 5LTR', 10, NULL, 26, NULL, NULL),
(433, 'B000419', 'BAUT ROOFING 12 X 20', 8, NULL, 26, NULL, NULL),
(434, 'B000420', 'BAUT ROOFING 12 X 30', 8, NULL, 26, NULL, NULL),
(435, 'B000421', 'BAUT DINABOLT M10X50', 8, NULL, 26, NULL, NULL),
(436, 'B000422', 'MATA BOR D3.5 NACHI', 8, NULL, 26, NULL, NULL),
(437, 'B000423', 'SARUNG TANGAN YUTAKA', 14, NULL, 30, NULL, NULL),
(439, 'B000425', 'SAPU LIDI+GAGANG', 10, NULL, 8, NULL, NULL),
(440, 'B000425', 'KUNCI L BINTANG', 8, NULL, 29, NULL, NULL),
(441, 'B000426', 'KLEM SELANG 1/2 INCH', 8, NULL, 8, NULL, NULL),
(442, 'B000427', 'KSS SPIRAL KS-12', 10, NULL, 11, NULL, NULL);

-- --------------------------------------------------------

--
-- Struktur dari tabel `tbl_jenisbarang`
--

CREATE TABLE `tbl_jenisbarang` (
  `pk_jenisbarang_id` int(11) NOT NULL,
  `jenis_barang` varchar(50) DEFAULT NULL,
  `created_by` int(11) DEFAULT NULL,
  `created_date` datetime DEFAULT NULL
) ENGINE=InnoDB DEFAULT CHARSET=utf8mb4;

--
-- Dumping data untuk tabel `tbl_jenisbarang`
--

INSERT INTO `tbl_jenisbarang` (`pk_jenisbarang_id`, `jenis_barang`, `created_by`, `created_date`) VALUES
(8, 'TOOLING', NULL, NULL),
(9, 'SERAGAM PIRANTI', NULL, NULL),
(10, 'GENERAL', NULL, NULL),
(11, 'STATIONARY', NULL, NULL),
(12, 'CETAKAN', NULL, NULL),
(13, 'BANGUNAN', NULL, NULL),
(14, 'CONSUMABLE', NULL, NULL),
(15, 'FAST MOVING', NULL, NULL),
(16, 'KENDARAAN', NULL, NULL),
(17, 'KOMPUTER', NULL, NULL),
(18, 'LISTRIK', NULL, NULL),
(19, 'PERALATAN KANTOR', NULL, NULL),
(20, 'TIMAH', NULL, NULL);

-- --------------------------------------------------------

--
-- Struktur dari tabel `tbl_po`
--

CREATE TABLE `tbl_po` (
  `pk_po_id` int(11) NOT NULL,
  `no_po` varchar(20) COLLATE utf8_bin DEFAULT NULL,
  `tgl_po` varchar(20) COLLATE utf8_bin DEFAULT NULL,
  `keterangan` int(11) DEFAULT NULL,
  `qty` int(11) DEFAULT NULL,
  `fk_satuan_id` int(11) DEFAULT NULL
) ENGINE=InnoDB DEFAULT CHARSET=utf8 COLLATE=utf8_bin;

-- --------------------------------------------------------

--
-- Struktur dari tabel `tbl_satuan`
--

CREATE TABLE `tbl_satuan` (
  `pk_satuan_id` int(11) NOT NULL,
  `satuan_barang` varchar(50) DEFAULT NULL,
  `created_by` int(11) DEFAULT NULL,
  `created_date` datetime DEFAULT NULL
) ENGINE=InnoDB DEFAULT CHARSET=utf8mb4;

--
-- Dumping data untuk tabel `tbl_satuan`
--

INSERT INTO `tbl_satuan` (`pk_satuan_id`, `satuan_barang`, `created_by`, `created_date`) VALUES
(8, 'PCS', NULL, NULL),
(9, 'BOTOL', NULL, NULL),
(10, 'LITER', NULL, NULL),
(11, 'PACK', NULL, NULL),
(12, 'BOX', NULL, NULL),
(13, 'KALENG', NULL, NULL),
(14, 'LEMBAR', NULL, NULL),
(15, 'KOTAK', NULL, NULL),
(16, 'RIM', NULL, NULL),
(17, 'DERIGEN', NULL, NULL),
(18, 'BUKU', NULL, NULL),
(19, 'GLN', NULL, NULL),
(20, 'ROLL', NULL, NULL),
(21, 'TUBE', NULL, NULL),
(22, 'DUZ', NULL, NULL),
(23, 'KG', NULL, NULL),
(24, 'PAD', NULL, NULL),
(25, 'BKS', NULL, NULL),
(26, 'PCS', NULL, NULL),
(29, 'SET', NULL, NULL),
(30, 'PASANG', NULL, NULL),
(31, 'UNIT', NULL, NULL);

-- --------------------------------------------------------

--
-- Struktur dari tabel `tbl_transaksi_keluar`
--

CREATE TABLE `tbl_transaksi_keluar` (
  `pk_transaksi_keluar_id` int(11) NOT NULL,
  `tanggal` date DEFAULT NULL,
  `id_barang` int(11) DEFAULT NULL,
  `jumlah_keluar` int(11) DEFAULT NULL,
  `pic_penerima` text NOT NULL,
  `note` varchar(50) NOT NULL,
  `status` int(11) DEFAULT NULL
) ENGINE=InnoDB DEFAULT CHARSET=utf8mb4 ROW_FORMAT=DYNAMIC;

--
-- Dumping data untuk tabel `tbl_transaksi_keluar`
--

INSERT INTO `tbl_transaksi_keluar` (`pk_transaksi_keluar_id`, `tanggal`, `id_barang`, `jumlah_keluar`, `pic_penerima`, `note`, `status`) VALUES
(1, '2022-06-19', 53, 3, '-', '-', 1),
(2, '2022-06-20', 65, 1, 'Ahmad/HAV', 'Permintaan Barang', 1),
(3, '2022-06-20', 247, 1, 'Teguh/PP', 'Tukar Guling', 1),
(4, '2022-06-20', 65, 1, 'Teguh/PP', 'Permintaan Barang', 1),
(5, '2022-06-20', 69, 1, 'Teguh/PP', 'Permintaan Barang', 1),
(6, '2022-06-20', 252, 1, 'Teguh/PP', 'Tukar Guling', 1),
(7, '2022-06-20', 311, 1, 'YUSUF/CS', 'PERMINTAAN BARANG', 1),
(8, '2022-06-20', 65, 2, 'TF AL INTISAB', 'PERMINTAAN BARANG', 1),
(9, '2022-06-20', 4, 10, 'TF AL INTISAB', 'PERMINTAAN BARANG', 1),
(10, '2022-06-20', 226, 3, 'TF AL INTISAB', 'PERMINTAAN BARANG', 1),
(11, '2022-06-20', 227, 3, 'TF AL INTISAB', 'PERMINTAAN BARANG', 1),
(12, '2022-06-20', 227, 10, 'TF RADITA', 'PERMINTAAN BARANG', 1),
(13, '2022-06-20', 42, 200, 'TF RADITA', 'PERMINTAAN BARANG', 1),
(14, '2022-06-20', 188, 4, 'STT TECMACO', 'TUKAR GULING', 1),
(15, '2022-06-20', 48, 3, 'STT TECMACO', 'TUKAR GULING', 1),
(16, '2022-06-20', 243, 2, 'SITI AMNAH/WHS', 'TUKAR GULING', 1),
(17, '2022-06-20', 61, 4, 'SITI AMINAH/WHS', 'TUKAR GULING', 1),
(18, '2022-06-20', 177, 1, 'SITI AMINAH/WHS', 'TUKAR GULING', 1),
(19, '2022-06-20', 176, 1, 'SITI AMINAH/WHS', 'TUKAR GULING', 1),
(20, '2022-06-20', 241, 1, 'SITI AMINAH/WHS', 'TUKAR GULING', 1),
(21, '2022-06-20', 66, 1, 'SITI AMNINAH/WHS', 'TUKAR GULING', 1),
(22, '2022-06-20', 42, 200, 'SANDI/QA', 'PERMINTAAN BARANG', 1),
(23, '2022-06-20', 237, 1, 'SANDI/QA', 'PERMINTAAN BARANG', 1),
(24, '2022-06-20', 12, 2, 'Winardi/MTN', 'Tukar Guling', 1),
(25, '2022-06-20', 13, 2, 'Winardi/MTN', 'Tukar Guling', 1),
(26, '2022-06-20', 221, 4, 'ENGINEERING', 'JATAH BULAN JUNI', 1),
(27, '2022-06-20', 175, 1, 'SITI AMINAH/WHS', 'TUKAR GULING', 1),
(28, '2022-06-20', 241, 2, 'SITI AMINAH/WHS', 'TUKAR GULING', 1),
(29, '2022-06-20', 47, 1, 'SITI AMINAH/WHS', 'TUKAR GULING', 1),
(30, '2022-06-20', 163, 1, 'ANA/PP', 'TUKAR GULING', 1),
(31, '2022-06-20', 254, 1, 'ANA/PP', 'TUKAR GULING', 1),
(32, '2022-06-20', 67, 4, 'BAMBANG/WORKSHOP', 'PERMINTAA BARANG', 1),
(33, '2022-06-20', 371, 1, 'PUTRI/PP', 'TUKAR GULING', 1),
(34, '2022-06-20', 230, 1, 'PUTRI/PP', 'PERMINTAAN BARANG', 1),
(35, '2022-06-20', 290, 3, 'SANDI/SND', 'TUKAR GULING', 1),
(36, '2022-06-20', 371, 1, 'FIKRI/SND', 'TUKAR GULING', 1),
(37, '2022-06-20', 60, 1, 'FIKRI/SND', 'TUKAR GULING', 1),
(38, '2022-06-20', 61, 1, 'FIKRI/SND', 'TUKAR GULING', 1),
(39, '2022-06-20', 65, 1, 'ADAM/WORKSHOOP', 'PERMINTAAN BARANG', 1),
(40, '2022-06-20', 65, 5, 'RIMA/HAV', 'PERMINTAAN BARANG', 1),
(41, '2022-06-20', 250, 1, 'DEZAN/PP', 'TUKAR GULING', 1),
(42, '2022-06-20', 188, 1, 'Aam Rahmat/HAV', 'Tukar Guling', 1),
(43, '2022-06-20', 189, 3, 'Aam Rahmat/HAV', 'Tukar Guling', 1),
(44, '2022-06-20', 69, 2, 'PUTRI/PP', 'PERMINTAAN BARANG', 1),
(45, '2022-06-21', 260, 10, 'Gina/QA', '45/IDM/QA-PTIPGD/VI/2022', 1),
(46, '2022-06-21', 293, 2, 'TF ALMUFTI', 'PERMINTAAN BARANG', 1),
(47, '2022-06-21', 65, 2, 'TF ALMUFTI', 'PERMINTAAN BARANG', 1),
(48, '2022-06-21', 4, 10, 'TF ALMUFTI', 'PERMINTAAN BARANG', 1),
(50, '2022-06-21', 266, 10, 'Suradi/CI', '049/IDM/PRD-PTI/VI/22', 1),
(51, '2022-06-21', 226, 3, 'TF ALMUFTI', 'PERMINTAAN BARANG', 1),
(52, '2022-06-21', 254, 2, 'ALIF/PP 2', 'TUKAR GULING', 1),
(53, '2022-06-21', 163, 1, 'ALIF/PP 2', 'TUKAR GULING', 1),
(54, '2022-06-21', 163, 2, 'HENRIK/HAV', 'TUKAR GULING', 1),
(55, '2022-06-21', 180, 1, 'SITI/WHS', 'TUKAR GULING', 1),
(56, '2022-06-21', 231, 2, 'SITI/WHS', 'PERMINTAAN BARANG', 1),
(57, '2022-06-21', 230, 2, 'SITI/WHS', 'PERMINTAAN BARANG', 1),
(58, '2022-06-21', 188, 1, 'SITI/WHS', 'TUKAR GULING', 1),
(59, '2022-06-21', 289, 1, 'GINA/QA', 'TUKAR GULING', 1),
(60, '2022-06-21', 254, 1, 'GINA/QA', 'TUKAR GULING', 1),
(61, '2022-06-21', 65, 2, 'RIZKA/PP', 'PERMINTAAN BARANG', 1),
(62, '2022-06-21', 191, 2, 'BAMBANG/WORKSHOP', 'TUKAR GULING', 1),
(63, '2022-06-21', 11, 1, 'EPIN/SATPAM', 'TUKAR GULING', 1),
(64, '2022-06-21', 191, 2, 'ROBBY/WORKSOP', 'TUKAR GULING', 1),
(65, '2022-06-21', 121, 1, 'ELUANDARI/02070011210064', 'PERMINTAAN BARANG', 1),
(66, '2022-06-21', 259, 3, 'TF ALMUFTI', 'TUKAR GULING', 1),
(67, '2022-06-21', 256, 1, 'TF ALMUFTI', 'TUKAR GULING', 1),
(68, '2022-06-21', 61, 1, 'TF ALMUFTI', 'TUKAR GULING', 1),
(69, '2022-06-21', 163, 1, 'TF ALMUFTI', 'TUKAR GULING', 1),
(70, '2022-06-21', 51, 1, 'TF STT', 'TUKAR GULING', 1),
(71, '2022-06-21', 257, 1, 'TF STT', 'TUKAR GULING', 1),
(72, '2022-06-21', 262, 1, 'TF RADITA', 'TUKAR GULING', 1),
(73, '2022-06-21', 257, 1, 'TF RADITA', 'TUKAR GULING', 1),
(75, '2022-06-21', 15, 2, 'TF RADITA', 'TUKAR GULING', 1),
(76, '2022-06-21', 368, 1, 'TF RADITA', 'TUKAR GULING', 1),
(77, '2022-06-21', 60, 3, 'TF RADITA', 'TUKAR GULING', 1),
(78, '2022-06-21', 289, 1, 'SHINTA/QA', 'TUKAR GULING', 1),
(79, '2022-06-21', 360, 1, 'SHINTA/QA', 'TUKAR GULING', 1),
(80, '2022-06-21', 361, 1, 'SHINTA/QA', 'TUKAR GULING', 1),
(81, '2022-06-21', 362, 1, 'SHINTA/QA', 'TUKAR GULING', 1),
(82, '2022-06-21', 363, 1, 'SHINTA/QA', 'TUKAR GULING', 1),
(83, '2022-06-21', 25, 1, 'FIKRI/HAV', 'PERMINTAAN BARANG', 1),
(84, '2022-06-21', 188, 1, 'ARIA/PP', 'TUKAR GULING', 1),
(85, '2022-06-21', 227, 1, 'FIKRI/HAV', 'PERMINTAAN BARANG', 1),
(86, '2022-06-21', 42, 200, 'SANDI/QA', 'PERMINTAAN BARANG', 1),
(87, '2022-06-21', 189, 3, 'AAM/HAV', 'TUKAR GULING', 1),
(88, '2022-06-21', 163, 1, 'GINA/NPD', 'TUKAR GULING', 1),
(89, '2022-06-21', 228, 3, 'AAM/HAV', 'PERMINTAAN BARANG', 1),
(90, '2022-06-21', 227, 1, 'AAM/HAV', 'PERMINTAAN BARANG', 1),
(91, '2022-06-21', 32, 1, 'NOKDIAN/PP', 'PERMINTAAN BARANG', 1),
(92, '2022-06-21', 226, 1, 'AGAMAS/ENG', 'PERMINTAAN BARANG', 1),
(93, '2022-06-21', 293, 2, 'ADITYA/HAV', 'TUKAR GULING', 1),
(94, '2022-06-22', 228, 5, 'ASEP/SND', 'PERMINTAAN BARANG', 1),
(95, '2022-06-22', 229, 5, 'ASEP/SND', 'PERMINTAAN BARANG', 1),
(96, '2022-06-22', 226, 5, 'ASEP/SND', 'PERMINTAAN BARANG', 1),
(97, '2022-06-22', 227, 5, 'ASEP/SND', 'PERMINTAAN BARANG', 1),
(98, '2022-06-22', 61, 1, 'GINA/QA', 'TUKAR GULING', 1),
(99, '2022-06-22', 21, 1, 'Ninik/NPD', 'Tukar Guling', 1),
(100, '2022-06-21', 375, 10, 'NOKDIAN/PP', 'PERMINTAAN BARANG', 1),
(101, '2022-06-20', 298, 2, 'ROBY/WORKSHOP', 'TUKAR GULING', 1),
(102, '2022-06-21', 355, 1, 'AUFA N/ADMIN PRODUKSI', 'PERMINTAAN BARANG', 1),
(103, '2022-06-22', 42, 100, 'NINA/QA', 'PERMINTAAN BARANG', 1),
(104, '2022-06-22', 175, 1, 'SITI/WHS', 'TUKAR GULING', 1),
(105, '2022-06-22', 177, 1, 'SITI/WHS', 'TUKAR GULING', 1),
(106, '2022-06-22', 61, 6, 'SITI/WHS', 'TUKAR GULING', 1),
(107, '2022-06-22', 241, 1, 'SITI/WHS', 'TUKAR GULING', 1),
(108, '2022-06-22', 180, 1, 'SITI/WHS', 'TUKAR GULING', 1),
(109, '2022-06-22', 228, 1, 'WAWAN/CS', 'PERMINTAAN BARANG', 1),
(110, '2022-06-22', 35, 1, 'WAWAN/CS', 'PERMINTAAN BARANG', 1),
(111, '2022-06-22', 35, 1, 'YUSUF/CS', 'PERMINTAAN BARANG', 1),
(112, '2022-06-22', 311, 1, 'YUSUF/CS', 'PERMINTAAN BARANG', 1),
(113, '2022-06-22', 219, 5, 'RANGGA/CS', 'PERMINTAAN BARANG', 1),
(114, '2022-06-22', 226, 3, 'FIKRI/SND', 'PERMINTAAN BARANG', 1),
(115, '2022-06-22', 290, 1, 'AUFA/PP', 'TUKAR GULING', 1),
(116, '2022-06-22', 45, 1, 'DIMAS/ENG', 'TUKAR GULING', 1),
(117, '2022-06-22', 223, 1, 'DIMAS/ENG', 'TUKAR GULING', 1),
(118, '2022-06-22', 69, 4, 'YUSEP/CUTTING', 'PERMINTAAN BARANG', 1),
(119, '2022-06-22', 189, 2, 'TF STT', 'TUKAR GULING', 1),
(120, '2022-06-22', 45, 4, 'TF STT', 'TUKAR GULING', 1),
(121, '2022-06-22', 368, 2, 'TF STT', 'TUKAR GULING', 1),
(122, '2022-06-22', 257, 1, 'TF STT', 'TUKAR GULING', 1),
(123, '2022-06-22', 45, 1, 'TF ANGKASA', 'TUKAR GULING', 1),
(124, '2022-06-22', 48, 5, 'TF ANGKASA', 'TUKAR GULING', 1),
(125, '2022-06-22', 259, 3, 'TF ANGKASA', 'TUKAR GULING', 1),
(126, '2022-06-22', 188, 1, 'TF ANGKASA', 'TUKAR GULING', 1),
(127, '2022-06-22', 9, 1, 'TF ANGKASA', 'TUKAR GULING', 1),
(128, '2022-06-22', 42, 100, 'TF ANGKASA', 'TUKAR GULING', 1),
(129, '2022-06-22', 223, 1, 'UUS S/GA', 'STOK OFFICE', 1),
(130, '2022-06-22', 127, 5, 'PAK IWAN/PP', 'PEMBELIAN BAJU', 1),
(131, '2022-06-22', 126, 7, 'PAK IWAN/PP', 'PEMBELIAN BAJU', 1),
(132, '2022-06-22', 125, 2, 'PUTRI/CUTTING', 'PEMBELIAN BAJU', 1),
(133, '2022-06-22', 126, 6, 'PUTRI/CUTTING', 'PEMBELIAN BAJU', 1),
(134, '2022-06-22', 127, 4, 'PUTRI/CUTTING', 'PEMBELIAN BAJU', 1),
(135, '2022-06-22', 370, 1, 'BU AYU/HRD', 'PERMINTAAN BARANG', 1),
(136, '2022-06-22', 30, 2, 'LISFIA/HAV', 'PERMINTAAN BARANG', 1),
(137, '2022-06-22', 250, 1, 'Rima/HAV', 'Tukar Guling', 1),
(138, '2022-06-22', 234, 25, 'Nuh/NPD', 'Tukar Guling', 1),
(139, '2022-06-22', 257, 2, 'SANDI/QA', 'TUKAR GULING', 1),
(140, '2022-06-22', 256, 4, 'SANDI/QA', 'TUKAR GULING', 1),
(141, '2022-06-22', 31, 1, 'SHELA/WHS', 'PERMINTAAN BARANG', 1),
(142, '2022-06-22', 54, 2, 'SHELLA FRISTIKA/QA', 'PEMBELIAN TUPPERWARE', 1),
(143, '2022-06-22', 228, 3, 'AAM/HAV', 'PERMINTAAN BARANG', 1),
(144, '2022-06-22', 189, 3, 'AAM/HAV', 'TUKAR GULING', 1),
(145, '2022-06-22', 61, 1, 'GINA/ADM QA', 'TUKAR GULING', 1),
(146, '2022-06-22', 19, 1, 'GINA/ADM QA', 'TUKAR GULING', 1),
(147, '2022-06-22', 20, 1, 'GINA/ADM QA', 'TUKAR GULING', 1),
(148, '2022-06-22', 206, 1, 'GINA/ADM QA', 'TUKAR GULING', 1),
(149, '2022-06-22', 235, 1, 'PUTRI/HRD', 'PERMINTAAN BARANG', 1),
(150, '2022-06-22', 184, 3, 'PUTRI/ADM PRODUKSI', 'TUKAR GULING', 1),
(151, '2022-06-22', 186, 2, 'PUTRI/ADM PRODUKSI', 'TUKAR GULING', 1),
(152, '2022-06-22', 185, 2, 'PUTRI/ADM PRODUKSI', 'TUKAR GULING', 1),
(153, '2022-06-23', 241, 3, 'SITI/WHS', 'TUKAR GULING', 1),
(154, '2022-06-23', 45, 1, 'SITI/WHS', 'TUKAR GULING', 1),
(155, '2022-06-23', 189, 1, 'SITI/WHS', 'TUKAR GULING', 1),
(156, '2022-06-23', 180, 1, 'SITI/WHS', 'TUKAR GULING', 1),
(157, '2022-06-23', 3, 20, 'SHINTA/QA', 'PERMINTAAN BARANG', 1),
(158, '2022-06-23', 230, 2, 'Putri/Cutting', 'Permintaan Barang', 1),
(159, '2022-06-23', 12, 1, 'DADANG/WORKSHOP', 'TUKAR GULING', 1),
(160, '2022-06-23', 163, 1, 'ANA S/PRODUKSI', 'TUKAR GULING', 1),
(161, '2022-06-23', 254, 1, 'ANA S/PRODUKSI', 'TUKAR GULING', 1),
(162, '2022-06-23', 163, 1, 'UUS/GA', 'STOK DI OFFICE', 1),
(163, '2022-06-23', 257, 2, 'GINA/QA', 'TUKAR GULING', 1),
(164, '2022-06-23', 191, 1, 'DARYAN/ENG', 'TUKAR GULING', 1),
(165, '2022-06-23', 247, 2, 'RIAN/WORKSHOP', 'TUKAR GULING', 1),
(166, '2022-06-23', 247, 6, 'DEZAN/PRODUKSI', 'TUKAR GULING', 1),
(167, '2022-06-23', 65, 1, 'DEZAN/PRODUKSI', 'PERMINTAAN BARANG', 1),
(168, '2022-06-23', 65, 2, 'ARDI/MTN', 'PERMINTAAN BARANG', 1),
(169, '2022-06-23', 31, 1, 'ARDI/MTN', 'PERMINTAAN BARANG', 1),
(170, '2022-06-23', 57, 5, 'Suradi/CI', '059/IDM/PROD-PTIPGD/VI/22', 1),
(171, '2022-06-23', 360, 1, 'Diah/Office', 'Tukar Guling', 1),
(172, '2022-06-23', 42, 200, 'RISKA CAHYANI/QA', 'PERMINTAAN BARANG', 1),
(173, '2022-06-23', 207, 1, 'AUFA/PP', 'TUKAR GULING', 1),
(174, '2022-06-23', 367, 3, 'ADE R/ENG', 'TUKER GULING', 1),
(175, '2022-06-23', 228, 1, 'HERDIS/HAV', 'PERMINTAAN BARANG', 1),
(176, '2022-06-23', 30, 1, 'GINA/QA', 'PERMINTAAN BARANG', 1),
(177, '2022-06-23', 42, 200, 'GINA/QA', 'PERMINTAAN BARANG', 1),
(178, '2022-06-23', 163, 2, 'AUFA/PP', 'STOK OFFICE', 1),
(179, '2022-06-23', 191, 1, 'BAMBANG/WORKSOP', 'TUKAR GULING', 1),
(180, '2022-06-23', 189, 1, 'RIFKI/HAV', 'TUKAR GULING', 1),
(181, '2022-06-23', 259, 2, 'GINA/QA', 'TUKAR GULING', 1),
(182, '2022-06-23', 257, 1, 'GINA/QA', 'TUKAR GULING', 1),
(183, '2022-06-23', 256, 1, 'GINA/QA', 'TUKAR GULING', 1),
(184, '2022-06-23', 205, 1, 'PAK ANTO/SATPAM', 'PERMINTAAN BARANG', 1),
(185, '2022-06-23', 42, 50, 'TF ALMUNAWAROH', 'PERMINTAAN BARANG', 1),
(186, '2022-06-21', 42, 200, 'GINA(TF ANGKASA)/QA', 'PERMINTAAN BARANG', 1),
(187, '2022-06-23', 259, 6, 'TF ALMUNAWAROH', 'TUKAR GULING', 1),
(188, '2022-06-23', 257, 1, 'TF ALMUNAWAROH', 'TUKAR GULING', 1),
(189, '2022-06-23', 256, 2, 'TF ALMUNAWAROH', 'TUKAR GULING', 1),
(190, '2022-06-23', 19, 1, 'TF ALMUNAWAROH', 'TUKAR GULING', 1),
(191, '2022-06-23', 293, 2, 'TF ALMUNAWAROH', 'TUKAR GULING', 1),
(192, '2022-06-23', 189, 1, 'TF ALMUNAWAROH', 'TUKAR GULING', 1),
(193, '2022-06-23', 65, 1, 'TF ALMUNAWAROH', 'TUKAR GULING', 1),
(194, '2022-06-23', 191, 1, 'TF ALMUNAWAROH', 'TUKAR GULING', 1),
(195, '2022-06-23', 4, 10, 'TF ALMUNAWAROH', 'PERMINTAAN BARANG', 1),
(196, '2022-06-23', 228, 1, 'TF ALMUNAWAROH', 'PERMINTAAN BARANG', 1),
(197, '2022-06-23', 226, 1, 'TF ALMUNAWAROH', 'EPRMINTAAN BARANG', 1),
(198, '2022-06-23', 309, 1, 'KIKI/ITEC', 'TUKAR GULING', 1),
(199, '2022-06-23', 257, 2, 'TF STT', 'TUKAR GULING', 1),
(200, '2022-06-23', 256, 1, 'TF STT', 'TUKAR GULING', 1),
(201, '2022-06-23', 259, 1, 'TF STT', 'TUKAR GULING', 1),
(202, '2022-06-23', 1, 2, 'ARIA/PP', 'TUKAR GULING', 1),
(203, '2022-06-23', 372, 1, 'ALVAN/ENGINEERING', 'PERMINTAAN BARANG', 1),
(204, '2022-06-23', 373, 1, 'ALVAN/ENGINEERING', 'PERMINTAAN BARANG', 1),
(205, '2022-06-23', 370, 2, 'SAHRIL/QA', 'TUKAR GULING', 1),
(206, '2022-06-23', 61, 1, 'PAK ANTO/SATPAM', 'TUKAR GULING', 1),
(207, '2022-06-23', 188, 1, 'ARUM/HAV', 'TUKAR GULING', 1),
(208, '2022-06-23', 189, 1, 'ARUM/HAV', 'TUKAR GULING', 1),
(209, '2022-06-23', 45, 1, 'ARUM/HAV', 'TUKAR GULING', 1),
(210, '2022-06-23', 259, 3, 'TF ALINTISAB', 'TUKAR GULING', 1),
(211, '2022-06-23', 259, 1, 'TF ALMUFTI', 'TUKAR GULING', 1),
(212, '2022-06-23', 60, 1, 'TF ALMUFTI', 'TUKAR GULING', 1),
(213, '2022-06-23', 191, 1, 'TF ALMUFTI', 'TUKAR GULING', 1),
(214, '2022-06-23', 252, 1, 'TF ALMUFTI', 'TUKAR GULING', 1),
(215, '2022-06-23', 230, 2, 'EGI/WHS', 'PERMINTAAN BARANG', 1),
(216, '2022-06-23', 228, 2, 'EGI/WHS', 'PERMINTAAN BARANG', 1),
(217, '2022-06-23', 233, 3, 'EGI/WHS', 'TUKAR GULING', 1),
(218, '2022-06-23', 252, 1, 'TEGUH/PP 1', 'TUKAR GULING', 1),
(219, '2022-06-23', 380, 1, 'TEGUH/PP 1', 'TUKar GULING', 1),
(220, '2022-06-23', 254, 2, 'PUTRI/ADM PP', 'TUKAR GULING', 1),
(221, '2022-06-23', 228, 5, 'DADANG/SND', 'PERMINTAAN BARANG', 1),
(222, '2022-06-23', 226, 5, 'DADANG/SND', 'PERMNTAAN BARANG', 1),
(223, '2022-06-23', 69, 2, 'putri/cutting', 'permintaan barang', 1),
(224, '2022-06-23', 248, 1, 'ADAM/WORKSHOP', 'TUKAR GULING', 1),
(225, '2022-06-23', 183, 1, 'ADITIA/HAV', 'TUKAR GULING', 1),
(226, '2022-06-23', 242, 1, 'ADITIA/HAV', 'TUKAR GULING', 1),
(227, '2022-06-24', 371, 1, 'TEGUH/PP', 'TUKAR GULING', 1),
(228, '2022-06-24', 65, 1, 'TEGUH/PP', 'PERMINTAAN BARANG', 1),
(229, '2022-06-24', 247, 1, 'TEGUH/PP', 'TUKAR GULING', 1),
(230, '2022-06-24', 212, 1, 'GINA/QA', 'TUKAR GULING', 1),
(231, '2022-06-24', 163, 1, 'SITI/WHS', 'TUKAR GULING', 1),
(232, '2022-06-24', 180, 1, 'SITI/WHS', 'TUKAR GULING', 1),
(233, '2022-06-24', 369, 25, 'SITI/WHS', 'TUKAR GULING', 1),
(234, '2022-06-24', 231, 3, 'MAULANA YUSUF/HAV', 'PERMINTAAN BARANG', 1),
(235, '2022-06-24', 163, 1, 'FAJAR/ENG', 'TUKAR GULING', 1),
(236, '2022-06-24', 257, 2, 'TF ANGKASA', 'TUKAR GULING', 1),
(237, '2022-06-24', 256, 2, 'TF ANGKASA', 'TUKAR GULING', 1),
(238, '2022-06-24', 48, 3, 'TF ANGKASA', 'TUKAR GULING', 1),
(239, '2022-06-24', 45, 3, 'TF ANGKASA', 'TUKAR GULING', 1),
(240, '2022-06-24', 259, 2, 'TF ANGKASA', 'TUKAR GULING', 1),
(241, '2022-06-24', 188, 1, 'TF ANGKASA', 'TUKAR GULING', 1),
(242, '2022-06-24', 163, 1, 'GINA/QA', 'TUKAR GULING', 1),
(243, '2022-06-24', 54, 1, 'RISKA AGUSTIA/HAV', 'TUKAR GULING', 1),
(244, '2022-06-24', 212, 1, 'DHENY/LAB', 'TUKAR GULING', 1),
(245, '2022-06-24', 232, 1, 'ADAM/WORKSHOP', 'TUKAR GULING', 1),
(246, '2022-06-24', 211, 2, 'DHENY/LAB', 'TUKAR GULING', 1),
(247, '2022-06-24', 69, 3, 'PUTRI/CUTTING', 'PERMINTAAN BARANG', 1),
(248, '2022-06-24', 290, 3, 'SANDI/SND', 'TUKAR GULING', 1),
(249, '2022-06-24', 163, 1, 'SANDI/SND', 'TUKAR GULING', 1),
(250, '2022-06-24', 229, 1, 'SANDI/SND', 'PERMINTAAN BARANG', 1),
(251, '2022-06-24', 228, 2, 'SANDI/SND', 'PERMINTAAN BARANG', 1),
(252, '2022-06-24', 227, 2, 'SANDI/SND', 'PERMINTAAN BARANG', 1),
(253, '2022-06-24', 226, 4, 'SANDI/SND', 'PERMINTAAN BARANG', 1),
(254, '2022-06-22', 9, 1, 'SITI/WHS', 'PERMINTAAN BARANG', 1),
(255, '2022-06-20', 219, 3, 'TUKANG KEBON', 'PERMINTAAN BARANG', 1),
(256, '2022-06-24', 219, 5, 'RANGGA/CS', 'PERMINTAAN BARANG', 1),
(257, '2022-06-24', 367, 2, 'DARIAN/ENG', 'TUKAR GULING', 1),
(258, '2022-06-24', 191, 1, 'Diah/Office', 'Permintaan Barang', 1),
(259, '2022-06-24', 61, 7, 'putri/adm produksi', 'tukar guling', 1),
(260, '2022-06-24', 184, 1, 'PUTRI/ADM PRODUKSI', 'TUKAR GULING', 1),
(261, '2022-06-24', 186, 1, 'PUTRI/ADM PRODUKSI', 'TUKAR GULING', 1),
(262, '2022-06-24', 185, 1, 'PUTRI/ADM PRODUKSI', 'TUKAR GULING', 1),
(263, '2022-06-23', 54, 16, 'RIMA/HAV', 'PEMBELIAN TUPPERWARE', 1),
(264, '2022-06-24', 54, 9, 'ARUM/HAV', 'PEMBELIAN TUPPERWARE', 1),
(265, '2022-06-24', 228, 5, 'AAM/HAV', 'PERMINTAAN BARANGA', 1),
(266, '2022-06-24', 188, 1, 'AAM/HAV', 'TUKAR GULING', 1),
(267, '2022-06-24', 189, 4, 'AAM/HAV', 'TUKAR GULING', 1),
(268, '2022-06-24', 293, 1, 'PUTRI/CUTTING', 'TUKAR GULING', 1),
(269, '2022-06-24', 226, 1, 'PUTRI/CUTTING', 'TUKAR GULING', 1),
(270, '2022-06-24', 317, 2, 'ARDI/MTN', 'TUKAR GULING', 1),
(271, '2022-06-24', 163, 1, 'ANA/PRODUKSI', 'TUKAR GULING', 1),
(272, '2022-06-24', 259, 4, 'GINA/QA', 'TUKAR GULING', 1),
(273, '2022-06-24', 265, 3, 'GINA/QA', 'TUKAR GULING', 1),
(274, '2022-06-24', 256, 3, 'GINA/QA', 'TUKAR GULING', 1),
(275, '2022-06-24', 181, 1, 'ADITIA/HAV', 'TUKAR GULING', 1),
(276, '2022-06-24', 183, 1, 'ADITIA/HAV', 'TUKAR GULING', 1),
(277, '2022-06-24', 191, 1, 'KHOERUL/ENG', 'TUKAR GULING', 1),
(278, '2022-06-27', 294, 1, 'ARFA/IT', 'TUKAR GULING', 1),
(279, '2022-06-21', 54, 15, 'BU AYU/HRD', 'UNTUK MP PKL', 1),
(280, '2022-06-27', 54, 16, 'BU AYU/HRD', 'UNTUK MP PKL', 1),
(281, '2022-06-27', 232, 2, 'ARIA N/PP', 'TUKAR GULING', 1),
(282, '2022-06-27', 45, 1, 'SITI/WHS', 'TUKAR GULING', 1),
(283, '2022-06-27', 265, 2, 'GINA/QA', 'TUKAR GULING', 1),
(284, '2022-06-27', 256, 2, 'GINA/QA', 'TUKAR GULING', 1),
(285, '2022-06-27', 259, 7, 'GINA/QA', 'TUKAR GULING', 1),
(286, '2022-06-27', 228, 5, 'ASEP/SND', 'PERMINTAAN BARANG', 1),
(287, '2022-06-27', 227, 5, 'ASEP/SND', 'PERMINTAAN BARANG', 1),
(288, '2022-06-27', 226, 5, 'ASEP/SND', 'PERMINTAAN BARANG', 1),
(289, '2022-06-27', 65, 2, 'PUTRI/CUTTING', 'PERMINTAAN BARANG', 1),
(290, '2022-06-27', 188, 1, 'PUTRI/CUTTING', 'TUKAR GULING', 1),
(291, '2022-06-27', 254, 1, 'ANA/PP', 'TUKAR GULING', 1),
(292, '2022-06-27', 14, 4, 'HILMAN/IT', 'TUKAR GULING', 1),
(293, '2022-06-27', 258, 1, 'AUFA/PP', 'TUKAR GULING', 1),
(294, '2022-06-27', 42, 200, 'SANDI/QA', 'PERMINTAAN BARANG', 1),
(295, '2022-06-27', 256, 1, 'SANDI/QA', 'TUKAR GULING', 1),
(296, '2022-06-27', 188, 1, 'SITI/WHS', 'TUKAR GULING', 1),
(297, '2022-06-27', 265, 2, 'SANDI/QA', 'TUKAR GULING', 1),
(298, '2022-06-27', 65, 2, 'MAHAESA/HAV', 'PERMINTAAN BARANG', 1),
(299, '2022-06-27', 42, 50, 'MAHAESA/HAV', 'PERMINTAAN BARANG', 1),
(300, '2022-06-27', 247, 2, 'TEGUH/PP', 'TUKAR GULING', 1),
(301, '2022-06-27', 248, 1, 'TEGUH/PP', 'TUKAR GULING', 1),
(302, '2022-06-27', 69, 2, 'TEGUH/PP', 'PERMINTAAN BARANG', 1),
(303, '2022-06-27', 175, 1, 'SITI/WHS', 'TUKAR GULING', 1),
(304, '2022-06-27', 177, 1, 'SITI/WHS', 'TUKAR GULING', 1),
(305, '2022-06-27', 176, 1, 'SITI/WHS', 'TUKAR GULING', 1),
(306, '2022-06-27', 241, 2, 'SITI/WHS', 'TUKAR GULING', 1),
(307, '2022-06-27', 61, 4, 'SITI/WHS', 'TUKAR GULING', 1),
(308, '2022-06-27', 243, 4, 'SITI/WHS', 'TUKAR GULING', 1),
(309, '2022-06-27', 188, 1, 'SITI/WHS', 'TUKAR GULING', 1),
(310, '2022-06-21', 317, 2, 'DEBY/MTN', 'TUKAR GULING', 1),
(311, '2022-06-27', 3, 30, 'SHINTA/QA', 'PERMINTAAN BARANG', 1),
(312, '2022-06-27', 180, 6, 'SITI/WHS', 'TUKAR GULING', 1),
(313, '2022-06-27', 53, 2, 'GINA/QA', 'TUKAR GULING', 1),
(314, '2022-06-27', 172, 3, 'ADAM/WORKSHOOP', 'TUKAR GULING', 1),
(315, '2022-06-27', 226, 1, 'ADAM/WORKSHOOP', 'PERMINTAAN BARANG', 1),
(316, '2022-06-27', 228, 4, 'MAULANA/HAV', 'PERMINTAAN BARANG', 1),
(317, '2022-06-27', 231, 4, 'MAULANA/HAV', 'PERMINTAAN BARANG', 1),
(318, '2022-06-27', 188, 1, 'MAULANA', 'TUKAR GULING', 1),
(319, '2022-06-27', 189, 2, 'MAULANA/HAV', 'TUKAR GULING', 1),
(320, '2022-06-27', 381, 1, 'Nandita/ENG', '173/IDM/ENG/PTI-PGD/V/22', 1),
(321, '2022-06-27', 382, 2, 'Nandita /ENG', '173/IDM/ENG/PTI-PGD/V/22', 1),
(322, '2022-06-27', 226, 5, 'TF RADITA', 'PERMINTAANBARANG', 1),
(323, '2022-06-27', 383, 2, 'Nandita/ENG', '177/IDM/ENG/PTI-PGD/V/22', 1),
(324, '2022-06-27', 227, 10, 'TF RADITA', 'PERMINTAAN BARANG', 1),
(325, '2022-06-27', 59, 1, 'SITI/WHS', 'TUKAR GULING', 1),
(326, '2022-06-27', 65, 2, 'SITI/WHS', 'PERMINTAAN BARANG', 1),
(327, '2022-06-27', 226, 15, 'TF STT', 'PERMINTAAN BARANG', 1),
(328, '2022-06-27', 226, 10, 'TF STT', 'PERMINTAAN BARANG', 1),
(329, '2022-06-27', 293, 7, 'TF STT', 'PERMINTAAN BARANG', 1),
(330, '2022-06-27', 386, 1, 'Dede Kurniawan/ENG', 'TUKAR GULING', 1),
(331, '2022-06-27', 42, 100, 'TF STT', 'PERMINTAAN BARANG', 1),
(332, '2022-06-27', 65, 2, 'TF STT', 'PERMINTAAN BARANG', 1),
(333, '2022-06-27', 69, 5, 'TF STT', 'PERMINTAAN BARANG', 1),
(334, '2022-06-27', 257, 3, 'TF STT', 'TUKAR GULING', 1),
(335, '2022-06-27', 259, 1, 'TF STT', 'TUKAR GULING', 1),
(336, '2022-06-27', 163, 1, 'GINA/QA', 'TUKAR GULING', 1),
(337, '2022-06-27', 9, 1, 'UUS SULAEMAN/GA', 'STOK DI OFFICE', 1),
(338, '2022-06-27', 229, 10, 'TF STT', 'PERMINTAAN BARANG', 1),
(339, '2022-06-27', 236, 1, 'BU AYU/HRD', 'PERMINTAAN BARANG', 1),
(340, '2022-06-28', 163, 1, 'JENAL/SND', 'TUKAR GULING', 1),
(341, '2022-06-28', 233, 3, 'JENAL/SND', 'TUKAR GULING', 1),
(342, '2022-06-28', 290, 2, 'JENAL/SND', 'TUKAR GULING', 1),
(344, '2022-06-28', 309, 1, 'AAN/PP', 'TUKAR GULING', 1),
(345, '2022-06-28', 163, 1, 'AAN/PP', 'TUKAR GULING', 1),
(346, '2022-06-28', 250, 1, 'GENTA/HAV', 'TUKAR GULING', 1),
(347, '2022-06-28', 32, 1, 'ARIA/PP', 'PERMINTAAN BARANG', 1),
(348, '2022-06-28', 17, 12, 'DENY/LAB QA', 'TUKAR GULING', 1),
(349, '2022-06-28', 254, 1, 'ANA/PP', 'TUKAR GULING', 1),
(350, '2022-06-28', 4, 15, 'ICA/WHS', 'PERMINTAAN BARANG', 1),
(351, '2022-06-28', 289, 1, 'SHELA/WHS', 'TUKAR GULING', 1),
(352, '2022-06-28', 42, 50, 'SANDI/QA', 'PERMINTAAN BARANG', 1),
(353, '2022-06-28', 191, 2, 'RIO/UTILITY', 'PERMINTAAN BARANG', 1),
(354, '2022-06-28', 66, 4, 'RIMA/HAV', 'TUKAR GULING', 1),
(355, '2022-06-28', 54, 1, 'HAV/Ahmad', 'Tukar Guling', 1),
(356, '2022-06-28', 163, 1, 'NINIK/ENG', 'TUKAR GULING', 1),
(357, '2022-06-28', 231, 1, 'AGAMAS/ENG', 'PERMINTAAN BARANG', 1),
(358, '2022-06-28', 191, 1, 'ENG/Rozikin', 'Tukar Guling', 1),
(359, '2022-06-28', 40, 1, 'WHS/SITI', 'TUKAR GULING', 1),
(360, '2022-06-28', 188, 1, 'HAV/AAM', 'TUKAR GULING', 1),
(361, '2022-06-28', 189, 3, 'HAV/AAM', 'TUKAR GULING', 1),
(362, '2022-06-28', 259, 1, 'TF STT TEXMACO', 'TUKAR GULING', 1),
(363, '2022-06-28', 265, 3, 'TF STT TEXMACO', 'TUKAR GULING', 1),
(364, '2022-06-28', 309, 1, 'TF STT TEXMACO', 'TUKAR GULING', 1),
(365, '2022-06-28', 317, 1, 'MTN/DEBY', 'TUKAR GULING', 1),
(366, '2022-06-28', 262, 1, 'TF STT TEXMACO', 'TUKAR GULING', 1),
(367, '2022-06-28', 257, 1, 'TF STT TEXMACO', 'TUKAR GULING', 1),
(368, '2022-06-28', 368, 2, 'TF STT TEXMACO', 'TUKAR GULING', 1),
(369, '2022-06-28', 259, 2, 'CUTTING/NOKDIAN', '070/IDM/PROD-PTIPGD/VI/22', 1),
(370, '2022-06-28', 45, 1, 'IT/HILMAN', 'TUKAR GULING', 1),
(371, '2022-06-28', 260, 1, 'HAV ITEC/FIKRI', 'TUKAR GULING', 1),
(372, '2022-06-28', 360, 1, 'ENG/BUDI', 'TUKAR GULING', 1),
(373, '2022-06-28', 218, 1, 'WHS/SITI', 'TUKAR GULING', 1),
(374, '2022-06-28', 45, 1, 'SITI/WHS', 'TUKAR GULING', 1),
(376, '2022-06-28', 230, 2, 'SITI/WHS', 'PERMINTAAN BARANG', 1),
(377, '2022-06-28', 231, 2, 'SITI/WHS', 'PERMINTAAN BARANG', 1),
(378, '2022-06-28', 228, 2, 'SITI/WHS', 'PERMINTAAN BARANG', 1),
(379, '2022-06-28', 229, 2, 'SITI/WHS', 'PERMINTAAN BARANG', 1),
(380, '2022-06-28', 256, 1, 'TF STT TEXMACO', 'TUKAR GULING', 1),
(381, '2022-06-28', 163, 1, 'TF STT TEXMACO', 'TUKAR GULING', 1),
(382, '2022-06-28', 179, 2, 'WHS/RIFQI', 'TUKAR GULING', 1),
(383, '2022-06-28', 25, 1, 'QA/SRI', 'PERMINTAAN BARANG', 1),
(384, '2022-06-28', 257, 1, 'TF AL INTISAB', 'TUKAR GULING', 1),
(385, '2022-06-28', 256, 1, 'TF AL INTISAB', 'TUKAR GULING', 1),
(386, '2022-06-28', 259, 1, 'TF AL INTISAB', 'TUKAR GULING', 1),
(387, '2022-06-28', 188, 1, 'TF AL INTISAB', 'TUKAR GULING', 1),
(388, '2022-06-28', 265, 3, 'TF RADITAYUDHA', 'TUKAR GULING', 1),
(389, '2022-06-28', 262, 1, 'TF AL INTISAB', 'TUKAR GULING', 1),
(390, '2022-06-28', 260, 2, 'TF AL INTISAB', 'TUKAR GULING', 1),
(391, '2022-06-28', 257, 5, 'TF AL INTISAB', 'TUKAR GULING', 1),
(392, '2022-06-28', 256, 5, 'TF AL INTISAB', 'TUKAR GULING', 1),
(393, '2022-06-28', 247, 2, 'TF AL INTISAB', 'TUKAR GULING', 1),
(394, '2022-06-28', 188, 1, 'TF AL INTISAB', 'TUKAR GULING', 1),
(395, '2022-06-28', 59, 1, 'TF AL INTISAB', 'TUKAR GULING', 1),
(396, '2022-06-28', 163, 1, 'TF AL INTISAB', 'TUKAR GULING', 1),
(397, '2022-06-28', 228, 4, 'AAM RAHMAT/HAV', 'PERMINTAAN BARANG', 1),
(398, '2022-06-28', 249, 1, 'TF ALINTISAB', 'TUKAR GULING', 1),
(399, '2022-06-29', 11, 1, 'asep/snd', 'tukar guling', 1),
(400, '2022-06-29', 31, 1, 'GINA/QA', 'PERMINTAAN BARANG', 1),
(401, '2022-06-29', 37, 2, 'DENY/LAB QA', 'PERMINTAAN BARNG', 1),
(402, '2022-06-29', 163, 1, 'SANDIA/PP', 'TUKAR GULING', 1),
(403, '2022-06-29', 254, 1, 'SANDIA/PP', 'TUKAR GULING', 1),
(404, '2022-06-29', 259, 1, 'SANDIA/PP', 'TUKAR GULING', 1),
(405, '2022-06-29', 159, 1, 'KHAERUL/ENGINEERING', 'TUKAR GULING', 1),
(406, '2022-06-29', 163, 1, 'OFFICE HRD', 'TUKAR GULING', 1),
(407, '2022-06-29', 163, 1, 'OFFICE PRODUKSI', 'TUKAR GULING', 1),
(408, '2022-06-28', 389, 1500, 'NANDITA/ENG', 'IDM', 1),
(409, '2022-06-28', 390, 1500, 'NANDITA/ENG', 'IDM', 1),
(410, '2022-06-29', 51, 1, 'TEDDI/LEADER ITEC', 'TUKAR GULING', 1),
(411, '2022-06-29', 353, 1, 'TEDDI/LEADER ITEC', 'TUKAR GULING', 1),
(412, '2022-06-29', 379, 4, 'PAK USMAN/WORKSHOP', 'PERMINTAAN BARANG', 1),
(413, '2022-06-29', 177, 1, 'SITI/WHS', 'TUKAR GULING', 1),
(414, '2022-06-29', 241, 2, 'SITI/WHS', 'TUKAR GULING', 1),
(415, '2022-06-29', 243, 1, 'SITI/WHS', 'TUKAR GULING\\', 1),
(416, '2022-06-29', 180, 1, 'SITI/WHS', 'TUKAR GULING', 1),
(417, '2022-06-29', 61, 3, 'SITI/WHS', 'TUKAR GULING', 1),
(418, '2022-06-29', 164, 1, 'TF AL INTISAB', 'PERMINTAAN BARANG', 1),
(419, '2022-06-29', 45, 2, 'TF AL INTISAB', 'TUKAR GULING', 1),
(420, '2022-06-29', 48, 1, 'TF AL INTISAB', 'TUKAR GULING', 1),
(421, '2022-06-29', 259, 1, 'TF AL INTISAB', 'TUKAR GULING', 1),
(422, '2022-06-29', 163, 1, 'TF AL INTISAB', 'TUKAR GULING', 1),
(423, '2022-06-29', 265, 1, 'TF AL INTISAB', 'TUKAR GULING', 1),
(424, '2022-06-29', 257, 3, 'TF STT TEXMACO', 'TUKAR GULING', 1),
(425, '2022-06-29', 256, 1, 'TF STT TEXMACO', 'TUKAR GULING', 1),
(426, '2022-06-29', 260, 2, 'RIZKA/HAV', 'TUKAR GULING', 1),
(427, '2022-06-29', 265, 1, 'TF STT TEXMACO', 'TUKAR GULING', 1),
(428, '2022-06-29', 400, 6, 'NPD/Uliya', '197/IDM/ENG/PTI/PGD/VI/22', 1),
(429, '2022-06-29', 310, 2, 'NPD/ULIYA', '197/IDM/ENG/PTI/PGD/VI/22', 1),
(430, '2022-06-29', 87, 1, 'GA/AHDIYATI', 'JATAH TAHUNAN', 1),
(431, '2022-06-29', 78, 1, 'GA/AHDIYATI', 'JATAH TAHUNAN', 1),
(432, '2022-06-29', 45, 2, 'DIMAS/ENG', 'TUKAR GULING', 1),
(433, '2022-06-29', 254, 1, 'GINA/QA', 'TUKAR GULING', 1),
(434, '2022-06-29', 129, 1, 'JAKI BAGJA ILAHI/PROD', 'CLAIM PEMBELIAN', 1),
(435, '2022-06-29', 127, 5, 'AUFA N/ADM PRODUKSI', 'PEMBELIAN BAJU PROD', 1),
(436, '2022-06-29', 126, 1, 'RAMDAN SETIAWAN/PRODUKSI', 'PEMBELIAN BAJU', 1),
(437, '2022-06-29', 125, 1, 'SANDIA MALIK', 'PEMBELIAN BAJU', 1),
(438, '2022-06-29', 128, 3, 'AUFA N/ADM PROD', 'PEMBELIAN BAJU', 1),
(439, '2022-06-29', 128, 1, 'BAGUS NURMAULANA', 'PEMBELIAN KAOS', 1),
(440, '2022-06-29', 127, 7, 'AUFA/TF STT', 'PEMBELIAN KAOS SERAGAM', 1),
(441, '2022-06-29', 126, 5, 'AUFA/TF STT', 'PEMBELIAN KAOS SERAGAM', 1),
(442, '2022-06-29', 125, 1, 'AUFA/TF STT', 'PEMBELIAN KAOS SERAGAM', 1),
(443, '2022-06-29', 226, 5, 'ZENAL/SND', 'PERMINTAAN BARANG', 1),
(444, '2022-06-29', 155, 1, 'BUDIANA ALAMSYAH/TF STT TEXMACO', 'PEMBELIAN KAOS SERAGAM', 1),
(445, '2022-06-29', 122, 1, 'SAMSIAH/TF STT TEXMACO', 'PEMBELIAN KAOS SERAGAM', 1),
(446, '2022-06-29', 124, 1, 'HIDAYAT NUGRAHA/TF STT TEXMACO', 'PEMBELIAN KAOS SERAGAM', 1),
(447, '2022-06-29', 118, 1, 'NUR RISACHO/TF STT TEXMACO', 'PEMBELIAN KAOS SERAGAM', 1),
(448, '2022-06-29', 79, 1, 'HEDI MARYADI/TF STT TEXMACO', 'PEMBELIAN SERGAM STAF', 1),
(449, '2022-06-29', 69, 3, 'PUTRI/CUTTING', 'PERMINTAAN BARANG', 1),
(450, '2022-06-29', 12, 2, 'ROBI/WORKSHOOP', 'TUKAR GULING', 1),
(451, '2022-06-29', 189, 1, 'KHOERUL/ENGINEERING', 'TUKAR GULING', 1),
(452, '2022-06-29', 45, 2, 'KHOERUL/ENGINEERING', 'TUKAR GULING', 1),
(453, '2022-06-29', 45, 1, 'TEDDI/LEADER PROD', 'TUKAR GULING', 1),
(454, '2022-06-29', 227, 1, 'FIKRI/ITEC', 'PERMINTAAN BARANG', 1),
(455, '2022-06-29', 293, 1, 'ADITYA/HAV', 'TUKAR GULING', 1),
(456, '2022-06-29', 242, 2, 'ADITYA/HAV', 'TUKAR GULING', 1),
(457, '2022-06-29', 183, 1, 'ADITYA/HAV', 'TUKAR GULING', 1),
(458, '2022-06-29', 3, 20, 'GINA/QA', 'PERMINTAAN BARANG', 1),
(459, '2022-06-29', 65, 1, 'WAWAN/CS', 'PERMINTAAN BARANG', 1),
(460, '2022-06-29', 54, 1, 'WAWAN/CS', 'JATAH TUPPERWARE', 1),
(461, '2022-06-29', 65, 2, 'KHOERUL/ENG', 'PERMINTAAN BARANG', 1),
(462, '2022-06-29', 256, 1, 'KHOERUL/ENG', 'TUKAR GULING', 1),
(463, '2022-06-29', 163, 2, 'OFFICE ', 'TUKAR GULING', 1),
(464, '2022-06-29', 259, 1, 'SANDI/QA', 'TUKAR GULING', 1),
(465, '2022-06-29', 257, 1, 'SANDI/QA', 'TUKAR GULING', 1),
(466, '2022-06-29', 256, 3, 'SANDI/QA', 'TUKAR GULING', 1),
(467, '2022-06-29', 228, 4, 'AAM/HAV', 'PERMINTAAN BARANG', 1),
(468, '2022-06-29', 227, 1, 'AAM/HAV', 'PERMINTAAN BARANG', 1),
(469, '2022-06-29', 189, 1, 'AAM/HAV', 'TUKAR GULING', 1),
(470, '2022-06-29', 45, 1, 'WHS/SITI', 'TUKAR GULING', 1),
(471, '2022-06-29', 175, 1, 'WHS/SITI', 'TUKAR GULING', 1),
(472, '2022-06-29', 241, 2, 'WHS/SITI', 'TUKAR GULING', 1),
(473, '2022-06-29', 180, 3, 'WHS/SITI', 'TUKAR GULING', 1),
(474, '2022-06-30', 360, 1, 'GA/AHDIYATI', 'TUKAR GULING', 1),
(475, '2022-06-30', 37, 1, 'HRD/ARYUNI', 'PERMINTAAN BARANG', 1),
(476, '2022-06-30', 257, 1, 'TF STT', 'TUKAR GULING', 1),
(477, '2022-06-30', 256, 1, 'TF STT', 'TUKAR GULING', 1),
(478, '2022-06-30', 265, 1, 'TF STT', 'TUKAR GULING', 1),
(479, '2022-06-30', 259, 2, 'TF STT', 'TUKAR GULING', 1),
(480, '2022-06-30', 247, 2, 'AUFA N/ADM PP', '070/IDM/PROD/VI/22', 1),
(481, '2022-06-30', 380, 2, 'TF RADITA YUDA', 'TUKAR GULING', 1),
(482, '2022-06-30', 252, 2, 'TF RADITA YUDA', 'TUKAR GULING', 1),
(483, '2022-06-30', 247, 1, 'TF RADITA YUDA', 'TUKAR GULING', 1),
(484, '2022-06-30', 51, 2, 'TF RADITA YUDA', 'TUKAR GULING', 1),
(485, '2022-06-30', 188, 3, 'TF RADITA YUDA', 'TUKAR GULING', 1),
(486, '2022-06-30', 15, 1, 'TF RADITA YUDA', 'TUKAR GULING', 1),
(487, '2022-06-30', 264, 1, 'TF RADITA YUDA', 'TUKAR GULING', 1),
(488, '2022-06-30', 257, 2, 'TF RADITA YUDA', 'TUKAR GULING', 1),
(489, '2022-06-30', 61, 1, 'TF RADITA YUDA', 'TUKAR GULING', 1),
(490, '2022-06-30', 189, 1, 'TF RADITA YUDA', 'TUKAR GULING', 1),
(491, '2022-06-30', 12, 2, 'ROBI/WORKSHOP', 'PERMINTAAN BARANG', 1),
(492, '2022-06-30', 263, 1, 'AJAT/HAV', 'TUKAR GULING', 1),
(493, '2022-06-30', 247, 1, 'TEGUH/PP1', 'TUKAR GULING', 1),
(494, '2022-06-30', 31, 1, 'GHANY/QA', 'PERMINTAAN BARANG', 1),
(495, '2022-06-30', 188, 1, 'ARIA/PP', 'TUKAR GULING', 1),
(496, '2022-06-30', 42, 100, 'NINA/QA', 'PERMINTAAN BARANG', 1),
(497, '2022-06-30', 65, 1, 'NINA/QA', 'PERMINTAAN BARANG', 1),
(498, '2022-06-30', 189, 2, 'AAM/HAV', 'TUKAR GULING', 1),
(499, '2022-06-30', 188, 1, 'CANDIA', 'TUKAR GULING', 1),
(500, '2022-06-30', 228, 2, 'HAV/AAM', 'PERMINTAAN BARANG', 1),
(501, '2022-06-30', 57, 1, 'L&D/ILHAM M RAMADHAN', 'TUKAR GULING', 1),
(502, '2022-06-30', 31, 1, 'L&D/ILHAM M RAMADHAN', 'PERMINTAAN BARANG', 1),
(503, '2022-06-30', 45, 1, 'WHEREHOUSE/SITI', 'TUKAR GULING', 1),
(504, '2022-06-30', 359, 1, 'WHEREHOUSE/SITI', 'TUKAR GULING', 1),
(505, '2022-06-30', 184, 4, 'PPIC/PUTRI', 'TUKAR GULING', 1),
(506, '2022-06-30', 309, 1, 'QA/ELVAN', 'TUKAR GULING', 1),
(507, '2022-06-30', 219, 6, 'CS/RANGGA', 'PERMINTAAN BARANG', 1),
(508, '2022-06-30', 186, 3, 'PPIC/PUTRI', 'TUKAR GULING', 1),
(509, '2022-06-30', 244, 6, 'PPIC/PUTRI', 'TUKAR GULING', 1),
(510, '2022-06-30', 69, 1, 'ITEC/FIKRI', 'PERMINTAAN BARANG', 1),
(511, '2022-06-30', 42, 200, 'QA/SANDI', 'PERMINTAAN BARANG', 1),
(512, '2022-06-30', 249, 1, 'ENG/AGUNG', 'TUKAR GULING', 1),
(513, '2022-06-30', 265, 1, 'QA/GINA', 'TUKAR GULING', 1),
(514, '2022-06-30', 264, 1, 'QA/GINA', 'TUKAR GULING', 1),
(515, '2022-06-30', 3, 5, 'ENG/FAJAR', 'PERMINTAAN BARANG', 1),
(516, '2022-06-30', 371, 1, 'CUTTING/PUTRI', 'TUKAR GULING', 1),
(517, '2022-06-30', 237, 1, 'QA/GINA', 'PERMINTAAN BARANG', 1),
(518, '2022-07-01', 188, 1, 'HAV/RIKI', 'TUKAR GULING', 1),
(519, '2022-07-01', 189, 1, 'HAV/RIKI', 'TUKAR GULING', 1),
(520, '2022-07-01', 411, 1, 'ENG/KHOERUL', 'TUKAR GULING', 1),
(521, '2022-07-01', 191, 1, 'ENG/KHOERUL', 'TUKAR GULING', 1),
(522, '2022-07-01', 69, 3, 'CUTTING/PUTRI', 'PERMINTAAN BARANG', 1),
(523, '2022-07-01', 65, 1, 'HAV/AAM', 'PERMINTAAN BARANG', 1),
(524, '2022-07-01', 247, 2, 'PP1/TEGUH', 'TUKAR GULING', 1),
(525, '2022-07-01', 380, 1, 'PP1/TEGUH', 'TUKAR GULING', 1),
(526, '2022-07-01', 252, 1, 'PP1/TEGUH', 'TUKAR GULING', 1),
(527, '2022-07-01', 65, 1, 'HAV/EDI', 'PERMINTAAN BARANG', 1),
(528, '2022-07-01', 164, 1, 'L&D/HILMI', 'PERMINTAAN BARANG', 1),
(529, '2022-07-01', 42, 150, 'QA/SANDI', 'PERMINTAAN BARANG', 1),
(530, '2022-07-01', 188, 1, 'WHS/EGI ALAMSYAH', 'TUKAR GULING', 1),
(531, '2022-07-01', 250, 1, 'ITEC/RIZKA', 'TUKAR GULING', 1),
(532, '2022-07-01', 65, 2, 'ITEC/RIZKA', 'PERMINTAAN BARANG', 1),
(534, '2022-07-01', 37, 3, 'WHS/SHELA', 'PERMINTAAN BARANG', 1),
(535, '2022-07-01', 375, 20, 'ENG/AGUNG', 'TUKAR GULING', 1),
(536, '2022-07-01', 188, 1, 'CUTTING/PUTRI', 'TUKAR GULING', 1),
(537, '2022-07-01', 250, 1, 'PP/DEZAN', 'TUKAR GULING', 1),
(538, '2022-07-01', 189, 1, 'HAV/RIMA', 'TUKAR GULING', 1),
(539, '2022-07-01', 65, 1, 'HAV/RIMA', 'PERMINTAAN BARANG', 1),
(540, '2022-07-01', 9, 1, 'OFFICE PRODUKSI', 'PERMINTAAN BARANG', 1),
(541, '2022-07-01', 163, 1, 'OFFICE PRODUKSI', 'PERMINTAAN BARANG', 1),
(542, '2022-07-01', 259, 2, 'TF AL INTISAB', 'TUKAR GULING', 1),
(543, '2022-07-01', 256, 3, 'TF AL INTISAB', 'TUKAR GULING', 1),
(544, '2022-07-01', 293, 2, 'TF AL INTISAB', 'PERMINTAAN BARANG', 1),
(545, '2022-07-01', 259, 4, 'TF AL MUNAWAROH', 'TUKAR GULING', 1),
(546, '2022-07-01', 257, 1, 'TF AL MUNAWAROH', 'TUKAR GULING', 1),
(547, '2022-07-01', 256, 1, 'TF AL MUNAWAROH', 'TUKAR GULING', 1),
(548, '2022-07-01', 19, 1, 'TF AL MUNAWAROH', 'TUKAR GULING', 1),
(549, '2022-07-01', 42, 50, 'TF AL MUNAWAROH', 'PERMINTAAN BARANG', 1),
(550, '2022-07-01', 189, 1, 'TF AL MUNAWAROH', 'TUKAR GULING', 1),
(551, '2022-07-01', 51, 1, 'TF AL MUNAWAROH', 'TUKAR GULING', 1),
(552, '2022-07-01', 45, 1, 'TF AL MUNAWAROH', 'TUKAR GULING', 1),
(553, '2022-07-01', 48, 1, 'TF AL MUNAWAROH', 'TUKAR GULING', 1),
(554, '2022-07-01', 65, 1, 'TF AL MUNAWAROH', 'PERMINTAAN BARANG', 1),
(555, '2022-07-01', 163, 1, 'TF AL MUNAWAROH', 'TUKAR GULING', 1),
(556, '2022-07-01', 375, 20, 'TF AL MUNAWAROH', 'TUKAR GULING', 1),
(557, '2022-07-01', 259, 4, 'TF AL MUFTI', 'TUKAR GULING', 1),
(558, '2022-07-01', 45, 1, 'TF AL MUFTI', 'TUKAR GULING', 1),
(559, '2022-07-01', 317, 1, 'TF AL MUFTI', 'TUKAR GULING', 1),
(560, '2022-07-01', 411, 1, 'TF AL MUFTI', 'TUKAR GULING', 1),
(561, '2022-07-01', 163, 1, 'TF AL INTISAB', 'TUKAR GULING', 1),
(562, '2022-07-01', 259, 5, 'TF AL INTISAB', 'TUKAR GULING', 1),
(563, '2022-07-01', 256, 2, 'TF AL INTISAB', 'TUKAR GULING', 1),
(564, '2022-07-01', 258, 1, 'TF AL INTISAB', 'TUKAR GULING', 1),
(565, '2022-07-01', 247, 1, 'pp/sandia', 'TUKAR GULING', 1),
(566, '2022-07-01', 61, 2, 'WHS/SITI', 'TUKAR GULING', 1),
(567, '2022-07-01', 180, 1, 'WHS/SITI', 'TUKAR GULING', 1),
(568, '2022-07-01', 243, 2, 'WHS/SITI', 'TUKAR GULING', 1),
(569, '2022-07-01', 241, 1, 'WHS/SITI', 'TUKAR GULING', 1),
(570, '2022-07-01', 186, 4, 'PPIC/PUTRI', 'TUKAR GULING', 1),
(571, '2022-07-01', 185, 3, 'PPIC/PUTRI', 'TUKAR GULING', 1),
(572, '2022-07-01', 254, 1, 'PPIC/PUTRI', 'TUKAR GULING', 1),
(573, '2022-07-01', 51, 3, 'INOTEK/RESTU', 'PERMINTAAN BARANG', 1),
(574, '2022-07-01', 42, 200, 'QA/GINA', 'PERMINTAAN BARANG', 1),
(575, '2022-07-01', 65, 2, 'MTN/ARDI', 'PERMINTAAN BARANG', 1),
(576, '2022-07-01', 69, 3, 'CUTTING/PUTRI', 'PERMINTAAN BARANG', 1),
(577, '2022-06-30', 17, 10, 'QA/DHENI', 'TUKAR GULING', 1),
(578, '2022-07-01', 64, 1, 'WORKSHOP/ROBI', 'TUKAR GULING', 1),
(579, '2022-07-01', 3, 20, 'QA/GINA', 'PERMINTAAN BARANG', 1),
(580, '2022-07-01', 293, 2, 'hav/aditya', 'tukar guling', 1),
(581, '2022-07-01', 183, 1, 'HAV/ADITYA', 'TUKAR GULING', 1),
(582, '2022-07-01', 163, 1, 'HAV/ADITYA', 'TUKAR GULING', 1),
(583, '2022-07-01', 54, 1, 'QA/GINA', 'PEMBELIAN TUPPERWARE', 1),
(584, '2022-07-04', 61, 7, 'PPIC/PUTRI', 'TUKAR GULING', 1),
(585, '2022-07-04', 61, 2, 'WHS/SITI', 'TUKAR GULING', 1),
(586, '2022-07-04', 163, 1, 'SND/PAK ASEP', 'TUKAR GULING', 1),
(587, '2022-07-04', 219, 5, 'CS/RANGGA', 'PERMINTAAN BARANG', 1),
(588, '2022-07-04', 247, 2, 'PP/FADEL', 'TUKAR GULING', 1),
(589, '2022-07-04', 42, 150, 'ADM QA/GINA', 'PERMINTAAN BARANG', 1),
(590, '2022-07-04', 27, 1, 'ADM QA/GINA', 'PERMINTAAN BARANG', 1),
(591, '2022-07-04', 189, 2, 'HAV/DENI', 'TUKAR GULING', 1),
(592, '2022-07-04', 309, 1, 'SND/PAK ASEP', 'TUKAR GULING', 1),
(593, '2022-07-04', 257, 1, 'QA/NINA', 'TUKAR GULING', 1),
(594, '2022-07-04', 260, 1, 'TF STT', 'TUKAR GULING', 1),
(595, '2022-07-04', 265, 1, 'TF STT', 'TUKAR GULING', 1),
(596, '2022-07-04', 60, 1, 'ITEC/FIKRI', 'TUKAR GULING', 1),
(597, '2022-07-04', 226, 3, 'SND/SANDI', 'PERMINTAAN BARANG', 1),
(598, '2022-07-04', 163, 1, 'OFFICE PRODUKSI', 'TUKAR GULING', 1),
(599, '2022-07-04', 46, 1, 'CS/YUSUP', 'PERMINTAAN BARANG', 1),
(600, '2022-07-04', 67, 3, 'CS/YUSUF', 'PERMINTAAN BARANG', 1),
(601, '2022-07-04', 61, 1, 'HAV/RICKY', 'TUKAR GULING', 1),
(602, '2022-07-04', 65, 2, 'PP/BAYU', 'PERMINTAAN BARANG', 1),
(603, '2022-07-04', 65, 2, 'WORKSHOP/ADAM', 'PERMINTAAN BARANG', 1),
(604, '2022-07-04', 248, 2, 'WORKSHOP/ADAM', 'TUKAR GULING', 1),
(605, '2022-07-01', 400, 1, 'PAK RESTU', 'PERMINTAAN BARANG', 1),
(606, '2022-07-04', 290, 1, 'QA/GINA', 'TUKAR GULING', 1),
(607, '2022-07-04', 65, 3, 'DALIKA/PP', 'PERMINTAAN BARANG', 1),
(608, '2022-07-04', 247, 2, 'PP/DALIKA', 'TUKAR GULING', 1),
(609, '2022-07-04', 54, 1, 'HRD/PAK PUJA', 'PERMINTAAN BARANG', 1),
(610, '2022-07-04', 259, 1, 'ADM QA/GINA', 'TUKAR GULING', 1),
(611, '2022-07-04', 257, 1, 'ADM QA/GINA', 'TUKAR GULING', 1),
(612, '2022-07-01', 223, 1, 'OFFICE PRODUKSI', 'TUKAR GULING', 1),
(613, '2022-07-04', 227, 12, 'TF RADITA', 'PERMINTAAN BARANG', 1),
(614, '2022-07-04', 228, 5, 'TF RADITA', 'PERMINTAAN BARANG', 1),
(615, '2022-07-04', 237, 1, 'TF RADITA', 'PERMINTAAN BARANG', 1),
(616, '2022-07-04', 293, 5, 'TF RADITA', 'PERMINTAAN BARANG', 1),
(617, '2022-07-04', 375, 20, 'TF RADITA', 'PERMINTAAN BARANG', 1),
(618, '2022-07-04', 65, 2, 'TF AL MUFTI', 'PERMINTAAN BARANG', 1),
(619, '2022-07-04', 226, 2, 'TF AL MUFTI', 'PERMINTAAN BARANG', 1),
(620, '2022-07-04', 293, 1, 'TF AL MUFTI', 'PERMINTAAN BARANG', 1),
(621, '2022-07-04', 226, 11, 'TF STT TEXMACO', 'PERMINTAN BARANG', 1),
(622, '2022-07-04', 317, 1, 'ENG/KHOERUL', 'TUKAR GULING', 1),
(623, '2022-07-04', 229, 10, 'TF STT TEXMACO', 'PERMINTAAN BARANG', 1),
(624, '2022-07-04', 293, 5, 'TF STT TEXMACO', 'PERMINTAAN BARANG', 1),
(625, '2022-07-04', 42, 250, 'TF STT TEXMACO', 'PERMINTAAN BARANG', 1),
(626, '2022-07-04', 65, 5, 'TF STT TEXMACO', 'PERMINTAAN BARANG', 1),
(627, '2022-07-04', 69, 5, 'TF STT TEXMACO', 'PERMINTAAN BARANG', 1),
(628, '2022-07-04', 228, 3, 'HAV/DENI', 'PERMINTAAN BARANG', 1),
(629, '2022-07-04', 225, 3, 'HAV/DENI', 'PERMINTAAN BARANG', 1),
(630, '2022-07-04', 9, 1, 'OFFICE PRODUKSI', 'TUKAR GULING', 1),
(631, '2022-07-04', 307, 1, 'SATPAM', 'TUKAR GULING', 1),
(632, '2022-07-04', 231, 2, 'WHS/RAHMAN', 'PERMINTAAN BARANG', 1),
(633, '2022-07-04', 230, 2, 'WHS/RAHMAN', 'PERMINTAAN BARANG', 1),
(634, '2022-07-04', 228, 1, 'WHS/RAHMAN', 'PERMINTAAN BARANG', 1),
(635, '2022-07-01', 12, 3, 'WORKSHOP/ROBI', 'PERMINTAAN BARANG', 1),
(636, '2022-07-04', 70, 10, 'HRD/PAK PUJA', 'PERMINTAAN BARANG', 1),
(637, '2022-07-04', 217, 10, 'HRD/PAK PUJA', 'PERMNTAAN BARANG', 1),
(638, '2022-07-04', 220, 10, 'HRD/PAK PUJA', 'PERMINTAAN BARANG', 1),
(639, '2022-07-04', 289, 1, 'ENG/AGAMAS', 'TUKAR GULING', 1),
(640, '2022-07-04', 163, 1, 'OFFICE HRD', 'TUKAR GULING', 1),
(641, '2022-07-04', 69, 4, 'CUTTING/PUTRI', 'PERMINTAAN BARANG', 1),
(642, '2022-07-04', 228, 2, 'ITEC/FIKRI', 'PERMINTAAN BARANG', 1),
(643, '2022-07-04', 371, 1, 'SND/ASEP', 'TUKAR GULING', 1),
(644, '2022-07-04', 3, 5, 'QA/GINA', 'PERMINTAAN BARANG', 1),
(645, '2022-07-05', 65, 3, 'HAV/RICKY', 'PERMINTAAAN BARANG', 1),
(646, '2022-07-05', 259, 1, 'HAV/RICKY', 'TUKAR GULING', 1),
(647, '2022-07-05', 355, 1, 'NRM', 'PRMINTAAN BARANG', 1),
(648, '2022-07-05', 241, 2, 'WHS/SITI', 'TUKAR GULING', 1),
(649, '2022-07-05', 180, 3, 'WHS/SITI', 'TUKAR GULING', 1),
(650, '2022-07-05', 61, 4, 'WHS/SITI', 'TUKAR GULING', 1),
(651, '2022-07-05', 189, 1, 'WHS/SITI', 'TUKAR GULING', 1),
(652, '2022-07-05', 175, 1, 'WHS/SITI', 'TUKAR GULING', 1),
(653, '2022-07-05', 19, 1, 'WHS/SITI', 'TUKAR GULING', 1),
(654, '2022-07-05', 20, 1, 'WHS/SITI', 'TUKAR GULING', 1),
(655, '2022-07-05', 21, 1, 'WHS/SITI', 'TUKAR GULING', 1),
(656, '2022-07-05', 289, 1, 'WHS/SITI', 'TUKAR GULING', 1),
(657, '2022-07-05', 61, 1, 'TF AL INTISAB', 'TUKAR GULING', 1),
(658, '2022-07-05', 259, 3, 'TF AL INTISAB', 'TUKAR GULING', 1),
(659, '2022-07-05', 188, 1, 'TF AL INTISAB', 'TUKAR GULING', 1),
(660, '2022-07-05', 45, 6, 'TF ANGKASA', 'TUKAAR GULING', 1),
(661, '2022-07-05', 48, 2, 'TF ANGKASA', 'TUKAR GULING', 1),
(662, '2022-07-05', 250, 1, 'ITEC/NURAENI', 'TUKAR GULING', 1),
(663, '2022-07-05', 34, 1, 'CS/WAWAN', 'TUKAR GULING', 1),
(664, '2022-07-05', 248, 1, 'ENG/AGUNG', 'TUKAR GULING', 1),
(665, '2022-07-05', 25, 1, 'ITEC/FIKRI', 'TUKAR GULING', 1),
(666, '2022-07-05', 233, 4, 'WHS/EGI', 'TUKAR GULING', 1),
(667, '2022-07-05', 11, 2, 'WHS/EGI', 'TUKAR GULING', 1),
(668, '2022-07-05', 11, 1, 'SATPAM/PAK DEDI/ANTO', 'TUKAR GULING', 1),
(669, '2022-07-05', 289, 1, 'ADM PROD/AUFA', '012/IDM/PROD/VII/22', 1),
(670, '2022-07-05', 189, 1, 'HAV/RIMA', 'TUKAR GULING', 1),
(671, '2022-07-05', 46, 1, 'ENG/KHOERUL', 'TUKAR GULING', 1),
(672, '2022-07-05', 191, 1, 'ENG/KHOERUL', 'TUKAR GULING', 1),
(673, '2022-07-05', 12, 1, 'L&D/HILMI', 'TUKAR GULING', 1),
(674, '2022-07-05', 189, 2, 'HAV/DENY', 'TUKAR GULING', 1),
(675, '2022-07-05', 228, 4, 'HAV/DENY', 'PERMINTAAN BARANG', 1),
(676, '2022-07-06', 3, 10, 'ADM QA/GINA', 'PERMINTAAN BARANG', 1),
(677, '2022-07-05', 293, 3, 'TF AL INTISAB', 'PERMINTAAN BARANG', 1),
(678, '2022-07-05', 4, 10, 'TF AL INTISAB', 'PERMINTAAN BARANG', 1),
(679, '2022-07-05', 257, 1, 'QA/HERMAN', 'TUKAR GULING', 1),
(680, '2022-07-05', 54, 5, 'HRD/PAK PUJA', 'PERMINTAAN BARANG', 1),
(681, '2022-07-05', 220, 1, 'PAK SONY', 'PERMINTAAN BARANG', 1),
(682, '2022-07-06', 42, 150, 'QA/SHANDY', 'PERMINTAAN BARANG', 1),
(683, '2022-07-06', 237, 1, 'OFFICE PRODUKSI', 'TUKAR GULING', 1),
(684, '2022-07-06', 295, 3, 'LAB QA/DHENY', 'TUKAR GULING', 1),
(685, '2022-07-06', 212, 1, 'LAB QA/DHENY', 'TUKAR GULING', 1),
(686, '2022-07-06', 211, 1, 'LAB QA/DHENY', 'TUKAR GULING', 1),
(688, '2022-07-06', 124, 1, 'TF RADITA/RIZAL', '1 BULAN', 1),
(689, '2022-07-06', 215, 2, 'PP/PADEL', 'PERMINTAAN BARANG', 1),
(690, '2022-07-06', 228, 2, 'CS/YUSUF', 'PERMINTAAN BARANG', 1),
(691, '2022-07-06', 226, 1, 'CS/YUSUF', 'PERMINTAAN BARANG', 1),
(692, '2022-07-06', 12, 8, 'CS/YUSUF', 'TUKAR GULING', 1),
(693, '2022-07-06', 65, 3, 'BANGUNAN BARU', 'PERMINTAAN BARANG', 1),
(694, '2022-07-06', 34, 1, 'CS/IPAN', 'TUKAR GULING', 1),
(695, '2022-07-06', 193, 5, 'ENG/ARIF', 'PERMINTAAN BARANG', 1),
(696, '2022-07-06', 9, 1, 'OFFICE PRODUKSI', 'TUKAR GULING', 1),
(697, '2022-07-06', 60, 1, 'PP/DALIKA', 'TUKAR GULING', 1),
(698, '2022-07-06', 57, 1, 'WKS/BAMBANG', 'TUKAR GULING', 1),
(699, '2022-07-06', 191, 1, 'QA/SRI', 'PERMINTAN BARANG', 1),
(700, '2022-07-06', 375, 20, 'QA/BU PIPIH', 'PERMINTAAN BARANG', 1),
(701, '2022-07-06', 125, 1, 'TF STT TEXMACO', 'TUKAR GULING', 1),
(702, '2022-07-05', 191, 2, 'WKS/ROBI', 'TUKAR GULING', 1),
(703, '2022-07-05', 193, 5, 'WKS/ROBI', 'PERMINTAAN BARANG', 1),
(704, '2022-07-05', 184, 3, 'PPIC/PUTRI', 'TUKAR GULING', 1),
(705, '2022-07-06', 186, 3, 'PPIC/PUTRI', 'TUKAR GULING', 1),
(706, '2022-07-05', 185, 4, 'PPIC/PUTRI', 'TUKAR GULING', 1),
(707, '2022-07-05', 226, 5, 'SND/DADANG', 'PERMINTAAN BARANG', 1),
(708, '2022-07-05', 69, 3, 'PP/PUTRI', 'PERMINTAAN BARANG', 1),
(709, '2022-07-05', 65, 3, 'QA/DHENY', 'PERMINTAAN BARANG', 1),
(710, '2022-07-05', 380, 1, 'PP/DALIKA', 'TUKAR GULING', 1),
(711, '2022-07-05', 371, 1, 'PP/PUTRI', 'TUKAR GULING', 1),
(712, '2022-07-05', 379, 1, 'WKS/ADAM', 'PERMINTAAN BARANG', 1),
(713, '2022-07-05', 227, 5, 'SND/DADANG', 'PERMINTAAN BARANG', 1),
(714, '2022-07-05', 227, 2, 'ITEC/NURAENI', 'PERMINTAAN BARANG', 1),
(715, '2022-07-05', 191, 1, 'WKS/AHMAD', 'TUKAR GULING', 1),
(716, '2022-07-05', 256, 1, 'WKS/AHMAD', 'TUKAR GULING', 1),
(718, '2022-07-05', 259, 3, 'TF STT TEXMACO', 'TUKAR GULING', 1),
(719, '2022-07-05', 256, 3, 'TF STT TEXMACO', 'TUKAR GULING', 1),
(720, '2022-07-06', 422, 1, 'WKS/USMAN', 'TUKAR GULING', 1),
(721, '2022-07-06', 422, 1, 'UTILITY/SUARDI', 'BARU', 1),
(722, '2022-07-07', 365, 50, 'TF RADITA/RIFQI', '024/IDM/PROD-PTIPGD/VI/22', 1),
(723, '2022-07-06', 257, 2, 'ADM QA/GINA', 'TUKAR GULING', 1),
(724, '2022-07-05', 184, 3, 'PPIC/PUTRI', 'TUKAAR GULING', 1),
(725, '2022-07-05', 186, 3, 'PPIC/PUTRI', 'TUKAR GULING', 1),
(726, '2022-07-05', 185, 4, 'PPIC/PUTRI', 'TUKAR GULING', 1),
(727, '2022-07-07', 184, 1, 'PPIC/PUTRI', 'TUKAR GULING', 1),
(728, '2022-07-07', 186, 2, 'PPIC/PUTRI', 'TUKAR GULING', 1),
(729, '2022-07-07', 185, 2, 'PPIC/PUTRI', 'TUKAR GULING', 1),
(730, '2022-07-07', 42, 200, 'QA/DIKY', 'PERMINTAAN BARANG', 1),
(731, '2022-07-07', 250, 1, 'ITEC/FIKRI', 'TUKAR GULING', 1),
(732, '2022-07-07', 192, 1, 'QA/BU SRI', 'PERMINTAAN BARANG', 1),
(733, '2022-07-07', 231, 4, 'HAV/MAULANA', 'PERMINTAAN BARANG', 1),
(734, '2022-07-07', 228, 4, 'HAV/MAULANA', 'PERMINTAA BARANG', 1),
(735, '2022-07-07', 225, 4, 'HAV/MAULANA', 'PERMINTAAN BARANG', 1),
(736, '2022-07-07', 189, 1, 'HAV/MAULANA', 'TUKAR GULING', 1),
(737, '2022-07-07', 229, 5, 'SND/SANDI', 'PERMINTAAN BARAG', 1),
(738, '2022-07-07', 228, 4, 'SND/SANDI', 'PERMINTAAN BARAANG', 1),
(739, '2022-07-07', 227, 5, 'SND/SANDI', 'PERMINTAAN BRANG', 1),
(740, '2022-07-07', 226, 3, 'SND/SANDI', 'PERMINTAAN BARANG', 1),
(741, '2022-07-07', 42, 200, 'ADM/QA/GNA', 'PERMINTAAN BARANG', 1),
(742, '2022-07-07', 3, 40, 'QA/SINTA', 'PERMINTAAN BARANG', 1),
(743, '2022-07-07', 360, 1, 'QA/SINTA', 'TUKAR GULING', 1),
(744, '2022-07-07', 45, 1, 'BU PIPIH', 'PERMITAAN BARANG', 1),
(747, '2022-07-08', 3, 5, 'ENG/FAJAR', 'PERMINTAAN BARANG', 1),
(748, '2022-07-08', 257, 1, 'ENG/FAJAR', 'TUKAR GULING', 1),
(749, '2022-07-08', 256, 1, 'ENG/FAJAR', 'TUKAR GULING', 1),
(750, '2022-07-07', 188, 1, 'WHS/SITI', 'TUKAR GULING', 1),
(751, '2022-07-07', 163, 2, 'WHS/SITI', 'TUKAR GULING', 1),
(752, '2022-07-07', 411, 1, 'ENG/KHOERUL', 'TUKAR GULING', 1),
(753, '2022-07-07', 247, 5, 'PP/DALIKA', 'TUKR GULING', 1),
(754, '2022-07-07', 250, 1, 'PP/DALIKA', 'TUKAR GULING', 1),
(755, '2022-07-07', 191, 1, 'WKS/AHMAD', 'TUKAR GULING', 1),
(756, '2022-07-07', 256, 1, 'WKS/AHMAD', 'TUKAR GULING', 1),
(757, '2022-07-08', 23, 1, 'ADM PP/AUFA ', 'TUKAR ULING', 1),
(758, '2022-07-07', 273, 1, 'PPC/PUTRI', 'TUKAR GULING', 1),
(759, '2022-07-06', 259, 3, 'TF STT TEXMACO', 'TUKAR GULING', 1),
(760, '2022-07-06', 256, 3, 'TF STT TEXMACO', 'TUKAR GULING', 1),
(761, '2022-07-06', 260, 1, 'TF STT TEXMACO', 'TUKAR GULING', 1),
(762, '2022-07-06', 163, 1, 'TF STT TEXMACO', 'TUKAR GULING', 1),
(763, '2022-07-06', 60, 1, 'TF STT TEXMACO', 'TUKAR GULING', 1),
(764, '2022-07-06', 61, 1, 'TF STT TEXMACO', 'TUKAR GULING', 1),
(766, '2022-07-06', 368, 2, 'TF STT TEXMACO', 'TUKAR GULING', 1),
(767, '2022-07-08', 219, 6, 'CS/RANGGA', 'PERINTAAN BARANG', 1),
(768, '2022-07-07', 254, 2, 'PP/SANDIA', 'TUKAR GULING', 1),
(769, '2022-07-07', 242, 2, 'HAV/MULYANA', 'TUKAR GULING', 1),
(771, '2022-07-07', 293, 1, 'HAV/MULYANA', 'TUKAR GULING', 1),
(772, '2022-07-07', 183, 1, 'HAV/MULYANA', 'TUKAR GULING', 1),
(773, '2022-07-07', 69, 3, 'PP/PUTRI', 'PERMINTAAN BARANG', 1),
(774, '2022-07-07', 21, 1, 'L&D/HILMI', 'TUKAR GULING', 1),
(775, '2022-07-07', 22, 1, 'L&D/HILMI', 'TUKAR GULING', 1),
(776, '2022-07-07', 191, 1, 'WKS/AHMAD', 'TUKAR GULING', 1),
(777, '2022-07-07', 11, 2, 'QA/SINTA', 'TUKAR GULING', 1),
(778, '2022-07-07', 163, 1, 'QA/SINTA', 'TUKAR GULING', 1),
(779, '2022-07-07', 257, 1, 'ENG/KHOERU;', 'TUKAR GULING', 1),
(780, '2022-07-07', 65, 1, 'ENG/KHOERUL', 'PERMINTAAN BARANG', 1),
(781, '2022-07-07', 226, 1, 'EN/LHOERUL', 'TUKR GULING', 1),
(782, '2022-07-07', 360, 2, 'ADM PROD/AUFA', 'TUKAR GULING', 1),
(783, '2022-07-07', 363, 1, 'ADM PROD/AUFA', 'TUKAR GULING', 1),
(784, '2022-07-07', 3, 2, 'QA/GINA', 'PERMINTAAN BARANG', 1),
(785, '2022-07-07', 163, 1, 'SND/SANDI', 'TUKAR GULING', 1),
(786, '2022-07-07', 189, 2, 'HAV/DENY', 'TUKAR GULING', 1),
(787, '2022-07-08', 298, 1, 'PP/A FADEL', 'TUKAR GULING', 1),
(788, '2022-07-07', 259, 10, 'ADM QA/GINA', 'TUKAR GULING', 1),
(789, '2022-07-07', 256, 2, 'ADM QA/GINA', 'TUKAR GULING', 1),
(790, '2022-07-07', 163, 3, 'OFFICE', 'TUKAR GULING', 1),
(791, '2022-07-05', 371, 1, 'PP/PUTRI', 'TUKAR GULING', 1),
(792, '2022-07-07', 61, 3, 'WHS/SITI', 'TUKAR GULING', 1),
(793, '2022-07-07', 231, 2, 'WHS/SITI', 'PERMINTAAN BARANG', 1),
(794, '2022-07-07', 230, 2, 'WHS/SITI', 'PERMINTAAN BARANG', 1),
(795, '2022-07-07', 229, 2, 'WHS/SITI', 'PERMINTAAN BARANG', 1),
(796, '2022-07-07', 228, 1, 'WHS/SITI', 'PERMINTAAN BARANG', 1),
(797, '2022-07-08', 163, 1, 'HAVJANA', 'TUKAR GULING', 1),
(798, '2022-07-07', 25, 1, 'WHS/SITI', 'TUKAR GULING', 1),
(799, '2022-07-05', 227, 5, 'SND/DADANG', 'PERMNTAAN BARANG', 1),
(800, '2022-07-05', 227, 2, 'ITEC/NURAENI', 'PERMINTAAN BARANG', 1),
(801, '2022-07-05', 379, 1, 'WKS/ADAM', 'PERMINTAAN BARANG', 1),
(803, '2022-07-08', 189, 1, 'PP/ALI YUSUF', 'TUKAR GULING', 1),
(804, '2022-07-08', 188, 1, 'HAV/RIMA', 'TUKAR GULING', 1),
(805, '2022-07-08', 424, 5, 'QA/GINA', '53/IDM/QA-PTIPGD/VII/22', 1),
(806, '2022-07-05', 380, 1, 'PP/DALIKA', 'TUKAR GULING', 1),
(808, '2022-07-05', 65, 3, 'QA/DHENY', 'PERMINTAAN BARANG', 1),
(809, '2022-07-05', 69, 3, 'PP/PUTRI', 'PERMINTAAN BARANG', 1),
(810, '2022-07-05', 226, 5, 'SND/DADANG', 'PERMINTAAN BARANG', 1),
(811, '2022-07-05', 191, 1, 'WKS/ROBI', 'TUKAR GULING', 1),
(812, '2022-07-05', 193, 5, 'WKS/ROBI', 'PERMINTAAN BARANG', 1),
(813, '2022-07-06', 188, 1, 'HAV/RIMA', 'TUKAR GULING', 1),
(814, '2022-07-06', 125, 1, 'PP/PUTRI', 'PEMBELIAN KAOS', 1),
(815, '2022-07-06', 226, 15, 'TF STT TEXMACO', 'PERMINTAAN BARANG', 1),
(816, '2022-07-06', 229, 10, 'TF STT TEXMACO', 'PEMINTAAN BARANG', 1),
(817, '2022-07-06', 293, 2, 'TF STT TEXMACO', 'PERMINTAAN BARANG', 1),
(818, '2022-07-06', 193, 5, 'ENG/ARIF', 'PERMINTAAN BARANG', 1);
INSERT INTO `tbl_transaksi_keluar` (`pk_transaksi_keluar_id`, `tanggal`, `id_barang`, `jumlah_keluar`, `pic_penerima`, `note`, `status`) VALUES
(819, '2022-07-06', 290, 5, 'SND/SANDI', 'TUKAR GULING', 1),
(820, '2022-07-06', 180, 1, 'WHS/SITI', 'TUKAR GULING', 1),
(821, '2022-07-06', 228, 2, 'HAV/GENTA', 'PERMINTAAN BARANG', 1),
(822, '2022-07-08', 63, 1, 'WKS/ROBI', 'PERMINTAN BARANG', 1),
(823, '2022-07-06', 163, 1, 'QA/ADITYA PM', 'TUKAR GULING', 1),
(824, '2022-07-06', 317, 1, 'ENG/AGUNG', 'TUKAR GULING', 1),
(825, '2022-07-06', 1, 2, 'PP/DALIKA', 'TUKAR GULING', 1),
(826, '2022-07-07', 252, 1, 'PP/TOMI', 'TUKAR GULING', 1),
(827, '2022-07-06', 163, 1, 'ENG/KHOERUL', 'TUKAR GULIG', 1),
(828, '2022-07-06', 223, 1, 'ENG/KHOERUL', 'TUKAR GULING', 1),
(829, '2022-07-06', 65, 2, 'ITEC/WILDAN', 'PERMINTAAN BARANG', 1),
(830, '2022-07-06', 250, 1, 'HAV/GENTA', 'TUKAR GULING', 1),
(833, '2022-07-06', 2, 2, 'PP/ARIA', 'PERMINTAN BARANG', 1),
(834, '2022-07-06', 126, 1, 'PP/ARIA', 'PEMBELIAN KAOS', 1),
(835, '2022-07-06', 69, 4, 'PP/PUTRI', 'PERMINTAAN BARANG', 1),
(836, '2022-07-06', 128, 1, 'PP/PUTRI', 'PEMBELIAN KAOS', 1),
(837, '2022-07-06', 189, 1, 'HAV/DONI KUSUMA', 'TUKAR GULING', 1),
(838, '2022-07-06', 163, 1, 'QA/GINA', 'TUKAR GULING', 1),
(839, '2022-07-06', 371, 1, 'SND/PAK ASEP', 'TUKAR GULING', 1),
(840, '2022-07-06', 163, 1, 'PP/ARIA', 'TUKAR GULING', 1),
(841, '2022-07-08', 226, 1, 'SND/PAK EDI', 'PERMINTAAN BARANG', 1),
(842, '2022-07-06', 45, 1, 'HAV/RIMA', 'TUKAR GULING', 1),
(843, '2022-07-06', 188, 2, 'HAV/RIMA', 'TUKAR GULING', 1),
(844, '2022-07-06', 368, 1, 'HAV/RIMA', 'TUKAR GULING', 1),
(845, '2022-07-06', 370, 1, 'HAV/RIMA', 'TUKAR GULING', 1),
(846, '2022-07-06', 65, 3, 'HAV/RIMA', 'PERMINTAAN BARANG', 1),
(847, '2022-07-06', 375, 4, 'HAV/RIMA', 'PERMINTAAN BARANG', 1),
(848, '2022-07-06', 375, 1, 'HAV/RIMA', 'PERMINTAAN BARANG', 1),
(849, '2022-07-06', 376, 5, 'HAV/RIMA', 'PERMINTAAN BARANG', 1),
(850, '2022-07-06', 177, 1, 'WHS/SITI', 'TUKAR GULING', 1),
(851, '2022-07-06', 176, 1, 'WHS/SITI', 'TUKAR GULING', 1),
(852, '2022-07-06', 61, 3, 'WHS/SITI', 'TUKAR GULING', 1),
(853, '2022-07-06', 45, 1, 'WHS/SITI', 'TUKAR GULING', 1),
(854, '2022-07-08', 317, 1, 'MTN/SAEPUL', 'TUKAR GULING', 1),
(855, '2022-07-06', 241, 1, 'WHS/SITI', 'TUKAR GULING', 1),
(856, '2022-07-08', 175, 1, 'WHS/SITI', 'TUKAR GULING', 1),
(857, '2022-07-08', 177, 1, 'WHS/SITI', 'TUKAR GULING', 1),
(858, '2022-07-08', 176, 1, 'WHS/SITI', 'TUKAR GULING', 1),
(859, '2022-07-08', 180, 5, 'WHS/SITI', 'TUKAR GULING', 1),
(860, '2022-07-08', 241, 3, 'WHS/SITI', 'TUKAR GULING', 1),
(861, '2022-07-08', 243, 1, 'WHS/SITI', 'TUKAR GULING', 1),
(862, '2022-07-08', 61, 3, 'WHS/SITI', 'TUKAR GULING', 1),
(863, '2022-07-08', 45, 1, 'WHS/SITI', 'TUKAR GULING', 1),
(864, '2022-07-08', 189, 5, 'HAV/DENI', 'TUKAR GULING', 1),
(865, '2022-07-08', 228, 2, 'HAV/DENI', 'PERMINTAAN BARANG', 1),
(866, '2022-07-08', 225, 5, 'HAV/DENI', 'PERMINTAAN BARANG', 1),
(867, '2022-07-07', 189, 1, 'HA/DENI', 'TUKAR GULING', 1),
(868, '2022-07-08', 69, 3, 'PP/PUTRI', 'PERMINTAANBARANG', 1),
(869, '2022-07-08', 163, 1, 'PP/PUTRI', 'TUKAR GULING', 1),
(870, '2022-07-08', 226, 5, 'SND/SANDI', 'PERMINTAAN BARANG', 1),
(871, '2022-07-08', 317, 1, 'MTN/ARDI', 'TUKAR GULING', 1),
(872, '2022-07-08', 188, 1, 'MTN/ARDI', 'TUKAR GULING', 1),
(873, '2022-07-08', 232, 1, 'MTN/ARDI', 'TUKAR GULING', 1),
(874, '2022-07-08', 42, 100, 'ADM QA/GINA', 'PERMINTAAN BARANG', 1),
(875, '2022-07-08', 233, 1, 'HAV/JANA', 'TUKAR GULING', 1),
(876, '2022-07-08', 247, 2, 'WKS/RIYAN', 'TUKAR GULING', 1),
(877, '2022-07-08', 119, 1, 'ENG/FAJAR', 'PERMINTAAN KAOS PKL', 1),
(878, '2022-07-08', 119, 1, 'ENG/ANGGA', 'PEMINTAAN KAOS PKL', 1),
(879, '2022-07-05', 259, 1, 'TF AL MUFTI', 'TUKAR GULING', 1),
(880, '2022-07-07', 154, 2, 'WHS/SELLA', 'PERMINTAAN JATAH BAJU', 1),
(881, '2022-07-08', 69, 3, 'PP/PUTRI', 'PERMINTAAN BARANG', 1),
(882, '2022-07-07', 156, 1, 'WHS/SELLA', 'PERMINTAAN JATAH', 1),
(883, '2022-07-07', 155, 1, 'WHS/SELLA', 'PERMINTAN JATAH', 1),
(884, '2022-07-08', 210, 1, 'LAB QA/DHENY', '01/IDM/QA/IV/22', 1),
(885, '2022-07-08', 211, 1, 'LAB QA/DHENY', '01/IDM/QA/IV/22', 1),
(886, '2022-07-08', 317, 1, 'LAB QA/DHENY', 'TUKAR GULING', 1),
(887, '2022-07-08', 295, 2, 'LAB QA/DHENY', 'TUKAR GULING', 1),
(888, '2022-07-08', 212, 2, 'LAB QA/DHENY', 'TUKAR GULING', 1),
(889, '2022-07-08', 191, 1, 'LAB QA/DHENY', 'TUKAR GULING', 1),
(890, '2022-07-07', 128, 1, 'PP/DEDE RUSLAN', 'PERMINTAAN JATAH 3 BLN', 1),
(891, '2022-07-07', 126, 1, 'GA/UUS SULAEMAN', 'PERMINTAAN JATAH 3 BLN', 1),
(892, '2022-07-07', 125, 1, 'PPIC/IRENA AUDRI', 'PERMINTAAN JATAH 3 BLN', 1),
(893, '2022-07-05', 97, 1, 'UTILITY/DADANG', 'PERMINTAAN JATAH 3 BLN', 1),
(894, '2022-07-07', 380, 2, 'TF RADITA YUDA', 'TUKAR GULING', 1),
(895, '2022-07-07', 252, 2, 'TF RADITA YUDA', 'TUKAR GULING', 1),
(896, '2022-07-07', 188, 4, 'TF RADITA YUDA', 'TUKAR GULING', 1),
(897, '2022-07-07', 247, 3, 'TF RADITA YUDA', 'TUKAR GULING', 1),
(898, '2022-07-07', 248, 1, 'TF RADITA YUDA', 'TUKAR GULING', 1),
(899, '2022-07-07', 254, 1, 'TF RADITA YUDA', 'TUKAR GULING', 1),
(900, '2022-07-07', 163, 1, 'TF RADITA YUDA', 'TUKAR GULING', 1),
(901, '2022-07-07', 51, 2, 'TF RADITA YUDA', 'TUKAR GULING', 1),
(902, '2022-07-07', 256, 5, 'TF RADITA YUDA', 'TUKAR GULING', 1),
(903, '2022-07-07', 257, 2, 'TF RADITA YUDA', 'TUKAR GULING', 1),
(904, '2022-07-07', 259, 1, 'TF RADITA YUDA', 'TUKAR GULING', 1),
(905, '2022-07-07', 265, 2, 'TF RADITA YUDA', 'TUKAR GULING', 1),
(906, '2022-07-07', 264, 2, 'TF RADITA YUDA', 'TUKAR GULING', 1),
(907, '2022-07-07', 15, 1, 'TF RADITA YUDA', 'TUKAR GULING', 1),
(908, '2022-07-07', 259, 3, 'TF AL MUNAWAROH', 'TUKAR GULING', 1),
(909, '2022-07-07', 256, 1, 'TF AL MUNAWAROH', 'TUKAR GULING', 1),
(910, '2022-07-07', 258, 1, 'TF AL MUNAWAROH', 'TUKAR GULING', 1),
(911, '2022-07-07', 265, 1, 'TF AL MUNAWAROH', 'TUKAR GULING', 1),
(912, '2022-07-07', 42, 50, 'TF AL MUNAWAROH', 'PERMINTAAN BARANG', 1),
(913, '2022-07-07', 51, 1, 'TF AL MUNAWAROH', 'TUKAR GULING', 1),
(914, '2022-07-07', 235, 1, 'TF AL MUNAWAROH', 'TUKAR GULING', 1),
(915, '2022-07-07', 60, 1, 'TF AL MUNAWAROH', 'TUKAR GULING', 1),
(916, '2022-07-07', 59, 1, 'TF AL MUNAWAROH', 'TUKAR GULING', 1),
(917, '2022-07-07', 228, 1, 'TF AL MUNAWAROH', 'PERMINTAAN BARANG', 1),
(918, '2022-07-07', 226, 1, 'TF AL MUNAWAROH', 'PERMINTAAN BARANG', 1),
(919, '2022-07-08', 189, 1, 'HAV/DENI', 'TUKAR GULLING', 1),
(920, '2022-07-07', 45, 1, 'TF ANGKASA', 'TUKAR GULING', 1),
(921, '2022-07-08', 84, 1, 'HRD/AFRIAN', 'JATAH 1 BULAN', 1),
(922, '2022-07-07', 48, 3, 'TF  ANGKASA', 'TUKAR GULING', 1),
(923, '2022-07-08', 77, 1, 'HRD/FUJA', 'JATAH 1 BULAN', 1),
(924, '2022-07-08', 77, 1, 'HRD/FUJA', 'PEMBELIAN', 1),
(925, '2022-07-07', 228, 2, 'TF ANGKASA', 'PERMINTAAN BARANG', 1),
(926, '2022-07-07', 257, 1, 'TF ANGKASA', 'TUKAR GULING', 1),
(927, '2022-07-11', 69, 3, 'PP/PUTRI', 'PERMINTAAN BARANG', 1),
(928, '2022-07-11', 371, 1, 'PP/PUTRI', 'TUKAR GULING', 1),
(929, '2022-07-11', 65, 2, 'ITEC/FIKRI', 'PERMINTAAN BARANG', 1),
(930, '2022-07-11', 228, 5, 'SND/SANDI', 'PERMINTAAN BARANG', 1),
(931, '2022-07-11', 226, 5, 'SND/SANDI', 'PERMINTAAN BARANG', 1),
(932, '2022-07-11', 257, 1, 'WKS/ROBI', 'TUKAR GULING', 1),
(933, '2022-07-11', 254, 1, 'PP/ALI', 'TUKAR GULING', 1),
(934, '2022-07-11', 188, 1, 'PP/ALI', 'TUKAR GULING', 1),
(935, '2022-06-30', 298, 1, 'WKS/ROBI', 'TUKAR GULING', 1),
(936, '2022-07-11', 1, 2, 'PP/DALIKA', 'TUKAR GULING', 1),
(937, '2022-07-11', 247, 1, 'PP/DALIKA', 'TUKAR GULING', 1),
(938, '2022-07-11', 191, 1, 'MTN/SAEPUL', 'TUKAR GULING', 1),
(939, '2022-07-04', 191, 1, 'ENG/KHOERUL', 'TUKAR GULING', 1),
(940, '2022-07-11', 65, 2, 'MTN/SAEPUL', 'PERMINTAAN BARANG', 1),
(941, '2022-07-11', 160, 1, 'OFFICE PRODUKSI', 'TUKAR GULING', 1),
(942, '2022-07-11', 254, 2, 'PPC/PUTRI', 'TUKAR GULING', 1),
(943, '2022-07-11', 290, 1, 'ADM PROD/AUFA N', 'TUKAR GULING', 1),
(945, '2022-07-11', 42, 200, 'QA/DIKI', 'PERMINTAAN BARANG', 1),
(946, '2022-07-11', 65, 1, 'HAV/RIZKY', 'PERMINTAAN BARANG', 1),
(947, '2022-07-11', 375, 20, 'ADM QA/GINA', 'TUKAR GULING', 1),
(948, '2022-07-11', 233, 2, 'WHS/EGI ALAMSYAH', 'TUKAR GULING', 1),
(949, '2022-07-11', 228, 2, 'WHS/SITI', 'PERMINTAAN BARANG', 1),
(950, '2022-07-11', 230, 2, 'WHS/SITI', 'PERMINTAAN BARANG', 1),
(951, '2022-07-11', 375, 20, 'ADM QA/GINA', 'TUKAR GULING', 1),
(952, '2022-07-11', 292, 1, 'HRD/PAK FUJA', 'PERMINTAAN BARANG', 1),
(953, '2022-07-11', 9, 1, 'OFFICE PRODUKSI', 'TUKAR GULING', 1),
(954, '2022-07-11', 18, 1, 'QA/HERMAN', 'TUKAR GULING', 1),
(955, '2022-07-11', 289, 1, 'QA/HERMAN', 'TUKAR GULING', 1),
(956, '2022-07-11', 254, 1, '1', 'TUKAR GULING', 2),
(957, '2022-07-11', 254, 1, 'QA/HERMAN', 'TUKAR GULING', 1),
(958, '2022-07-11', 62, 1, 'WKS/BAMBANG', 'TUKAR GULING', 1),
(959, '2022-07-11', 226, 5, 'SND/SANDI', 'PERMINTAAN BARANG', 1),
(960, '2022-07-11', 227, 5, 'SND/SANDI', 'PERMINTAAN BARANG', 1),
(961, '2022-07-11', 243, 2, 'WHS/SITI', 'TUKAR GULING', 1),
(962, '2022-07-11', 241, 3, 'WHS/SITI', 'TUKAR GULING', 1),
(963, '2022-07-11', 189, 1, 'WHS/SITI', 'TUKAR GULING', 1),
(964, '2022-07-11', 226, 5, 'WHS/SITI', 'PERMINTAAN BARANG', 1),
(965, '2022-07-11', 180, 1, 'WHS/SITI', 'TUKAR GULING', 1),
(966, '2022-07-11', 189, 1, 'HAV/GENTA', 'TUKAR GULING', 1),
(967, '2022-07-11', 188, 2, 'HAV/CACA', 'TUKAR GULING', 1),
(968, '2022-07-11', 259, 4, 'TF STT TEXMACO', 'TUKAR GULING', 1),
(969, '2022-07-11', 257, 2, 'TF STT TEXMACO', 'TUKAR GULING', 1),
(970, '2022-07-11', 256, 1, 'TF STT TEXMACO', 'TUKAR GULING', 1),
(972, '2022-07-11', 45, 1, 'TF STT TEXMACO', 'TUKAR GULING', 1),
(973, '2022-07-11', 188, 2, 'TF STT TEXMACO', 'TUKAR GULING', 1),
(974, '2022-07-11', 61, 1, 'HAV/RIMA', 'TUKAR GULING', 1),
(975, '2022-07-11', 11, 3, 'SATPAM/PAK GOPUR', 'TUKAR GULING', 1),
(976, '2022-07-11', 4, 10, 'TF AL MUFTI', 'PERMINTAAN BARANG', 1),
(977, '2022-07-11', 293, 3, 'TF AL MUFTI', 'PERMINTAAN BARANG', 1),
(979, '2022-07-11', 228, 1, 'TF ANGKASA', 'PERMINTAAN BARANG', 1),
(980, '2022-07-11', 226, 2, 'TF ANGKASA', 'PERMINTAAN BARANG', 1),
(981, '2022-07-11', 65, 1, 'TF ANGKASA', 'PERMINTAAN BARANG', 1),
(982, '2022-07-11', 42, 100, 'TF ANGKASA', 'PERMINTAAN BARANG', 1),
(983, '2022-07-11', 226, 25, 'TF STT TEXMACO', 'PERMINTAAN BARANG', 1),
(984, '2022-07-11', 229, 10, 'TF STT TEXMACO', 'PERMINTAAN BARANG', 1),
(985, '2022-07-11', 293, 7, 'TF STT TEXMACO', 'PERMINTAAN BARANG', 1),
(986, '2022-07-11', 42, 200, 'TF STT TEXMACO', 'PERMINTAAN BARANG', 1),
(987, '2022-07-11', 65, 3, 'TF STT TEXMACO', 'PERMINTAAN BARANG', 1),
(988, '2022-07-11', 69, 5, 'TF STT TEXMACO', 'PERMINTAAN BARANG', 1),
(989, '2022-07-11', 227, 50, 'TF RADITA YUDA', 'PERMINTAAN BARANG', 1),
(990, '2022-07-11', 228, 5, 'TF RADITA YUDA', 'PERMINTAAN BARANG', 1),
(991, '2022-07-11', 226, 5, 'TF RADITA YUDA', 'PERMINTAAN BARANG', 1),
(992, '2022-07-11', 42, 250, 'TF RADITA YUDA', 'PERMINTAAN BARANG', 1),
(993, '2022-07-11', 65, 2, 'TF RADITA YUDA', 'PERMINTAAN BARANG', 1),
(994, '2022-07-11', 375, 20, 'TF RADITA YUDA', 'TUKAR GULING', 1),
(995, '2022-06-30', 292, 1, 'HRD/PAK FUJA', 'PERMINTAAN BARANG', 1),
(996, '2022-07-11', 230, 1, 'CS/MANG WAWAN', 'PERMINTAAN BARANG', 1),
(997, '2022-07-11', 228, 1, 'CS/MANG WAWAN', 'PERMINTAAN BARANG', 1),
(998, '2022-07-11', 189, 1, 'HAV/DENI', 'TUKAR GULING', 1),
(999, '2022-07-11', 228, 3, 'HAV/DENI', 'PERMINTAAN BARANG', 1),
(1000, '2022-07-11', 225, 6, 'HAV/DENI', 'PERMINTAAN BARANG', 1),
(1001, '2022-07-11', 69, 3, 'PP/PUTRI', 'PERMINTAAN BARANG', 1),
(1002, '2022-07-12', 191, 2, 'HAV', 'TUKAR GULING', 1),
(1003, '2022-07-12', 51, 1, 'HAV/RIZKI', 'TUKAR GULING', 1),
(1004, '2022-07-12', 90, 1, 'PAK TATANG', 'PEMBELIAN CELANA', 1),
(1005, '2022-07-04', 221, 4, 'WKS/ADAM', 'PERMINTAAN BARANG', 1),
(1006, '2022-07-12', 266, 1, 'RUANG MEETING BAWAH', 'PERMINTAAN BARANG', 1),
(1007, '2022-07-12', 221, 2, 'ENG/ASEP', 'JATAH BULAN JULI', 1),
(1008, '2022-07-12', 55, 3, 'HAV/AUFA', '002/IDM/PROD-PTIPGD/VII/22', 1),
(1009, '2022-07-12', 263, 2, 'HAV/AUFA', '002/IDM/PROD-PTIPGD/VII/22', 1),
(1010, '2022-07-12', 262, 2, 'HAV/AUFA', '002/IDM/PROD-PTIPGD/VII/22', 1),
(1011, '2022-07-12', 258, 2, 'HAV/AUFA', '002/IDM/PROD-PTIPGD/VII/22', 1),
(1012, '2022-07-12', 259, 2, 'HAV/AUFA', '002/IDM/PROD-PTIPGD/VII/22', 1),
(1013, '2022-07-12', 426, 50, 'ENG/ASEP', '167/IDM/ENG-PTIPGD/V/22', 1),
(1014, '2022-07-12', 425, 1, 'ENG/ASEP', '167/IDM/ENG-PTIPGD/V/22', 1),
(1015, '2022-06-21', 222, 1, 'ENG/NANDITA', '167/IDM/ENG-PTIPGD/V/22', 1),
(1016, '2022-07-12', 266, 1, 'LINE ITEC/AUFA', '039/IDM/PROD-PTIPGD/VI/22', 1),
(1017, '2022-07-12', 264, 1, 'LINE ITEC/AUFA', '039/IDM/PROD-PTIPGD/VI/22', 1),
(1018, '2022-07-12', 247, 2, 'PP/AUFA', '039/IDM/PROD-PTIPGD/VI/22', 1),
(1019, '2022-07-12', 163, 1, 'ENG/NUH', 'TUKAR GULING', 1),
(1020, '2022-07-12', 247, 2, 'PP/AUFA', '012/IDM/PROD-PTIPGD/VI/22', 1),
(1021, '2022-07-12', 249, 2, 'PP/AUFA', '012/IDM/PROD-PTIPGD/VI/22', 1),
(1022, '2022-07-12', 196, 9, 'PP/AUFA', '012/IDM/PROD-PTIPGD/VI/22', 1),
(1023, '2022-07-12', 30, 4, 'HAV/RIMA', '050/IDM/PROD-PTIPGD/VI/22', 1),
(1024, '2022-07-12', 403, 5, 'HAV/RIMA', '052/IDM/PROD-PTIPGD/VI/22', 1),
(1025, '2022-07-12', 256, 1, 'PP/AUFA', '044/IDM/PROD-PTIPGD/VI/22', 1),
(1026, '2022-07-12', 422, 1, 'UTILITY/ROBI', 'PERMINTAAN BARANG', 1),
(1027, '2022-07-13', 273, 2, 'CUTTING/AUFA', '019/IDM/PROD-PTIPGD/VII/22', 1),
(1028, '2022-07-13', 61, 1, 'CUTTING/AUFA', '019/IDM/PROD-PTIPGD/VII/22', 1),
(1029, '2022-07-13', 259, 1, 'LAB QA/GINA', '45/IDM/QA/PTIPGD/VI/22', 1),
(1030, '2022-07-13', 257, 2, 'LAB QA/GINA', '45/IDM/QA/PTIPGD/VI/22', 1),
(1031, '2022-07-13', 256, 1, 'LAB QA/GINA', '45/IDM/QA/PTIPGD/VI/22', 1),
(1032, '2022-07-13', 65, 3, 'HAV/RIMA', 'PERMINTAAN BARANG', 1),
(1033, '2022-07-13', 65, 2, 'UTILITY/DADANG', 'PERMINTAAN BARANG', 1),
(1034, '2022-07-12', 219, 4, 'CS/RANGGA', 'PERMINTAAN BARANG', 1),
(1035, '2022-07-13', 61, 1, 'L&D/HILMI', 'TUKAR GULING', 1),
(1037, '2022-07-13', 61, 1, 'PPC/PUTRI', 'TUKAR GULING', 1),
(1038, '2022-07-13', 273, 1, 'PPC/PUTRI', 'TUKAR GULING', 1),
(1039, '2022-07-13', 184, 4, 'PPC/PUTRI', 'TUKAR GULING', 1),
(1040, '2022-07-13', 11, 1, 'SATPAM/BAMBANG', 'TUKAR GULING', 1),
(1041, '2022-07-13', 310, 1, 'SATPAM/BAMBANG', 'TUKAR GULING', 1),
(1042, '2022-07-13', 180, 2, 'WHS/SITI', 'TUKAR GULING', 1),
(1043, '2022-07-13', 241, 4, 'WHS/SITI', 'TUKAR GULING', 1),
(1044, '2022-07-13', 61, 5, 'WHS/SITI', 'TUKAR GULING', 1),
(1045, '2022-07-13', 188, 1, 'WHS/SITI', 'TUKAR GULING', 1),
(1046, '2022-07-13', 175, 1, 'WHS/SITI', 'TUKAR GULING', 1),
(1047, '2022-07-13', 177, 1, 'WHS/SITI', 'TUKAR GULING', 1),
(1048, '2022-07-13', 375, 60, 'BU PIPIH', 'TUKAR GULING', 1),
(1049, '2022-07-12', 9, 1, 'OFFICE PRODUKSI', 'TUKAR GULING', 1),
(1050, '2022-07-13', 9, 1, 'OFFICE PRODUKSI', 'TUKAR GULING', 1),
(1051, '2022-07-13', 163, 1, 'MESIN FOTOCOPY OFFICE', 'TUKAR GULING', 1),
(1052, '2022-07-13', 54, 1, 'LOST CONTROL/JULI DEVI SETIA', 'PERMINTAAN JATAH', 1),
(1053, '2022-07-08', 54, 2, 'HAV/WIDYA CHAERULA', 'PEMBELIAN TEMPAT MINUM', 1),
(1054, '2022-07-12', 54, 1, 'IT/JULIUS', 'PERMINTAAN TEMPAT MINUM', 1),
(1055, '2022-07-12', 63, 3, 'IT/JULIUS', 'TUKAR GULING', 1),
(1056, '2022-07-12', 236, 1, 'WHS/SHELLA', 'TUKAR GULING', 1),
(1057, '2022-07-14', 429, 1, 'UTILITY/ROBI', 'JATAH TAHUNAN', 1),
(1058, '2022-07-14', 429, 1, 'UTILITY/YANTO H', 'JATAH TAHUNAN', 1),
(1059, '2022-07-14', 429, 1, 'UTILITY/DADANG', 'JATAH TAHUNAN', 1),
(1060, '2022-07-14', 430, 1, 'UTILITY/SUARDI', 'JATAH TAHUNAN', 1),
(1061, '2022-07-14', 64, 2, 'UTILITY/ROBI', 'TUKAR GULING', 1),
(1062, '2022-07-14', 380, 2, 'TF RADITA/AUFA', 'TUKAR GULING', 1),
(1063, '2022-07-14', 252, 2, 'TF RADITA/AUFA', 'TUKAR GULING', 1),
(1064, '2022-07-14', 247, 5, 'TF RADITA/AUFA', 'TUKAR GULING', 1),
(1066, '2022-07-14', 163, 1, 'TF RADITA/AUFA', 'TUKAR GULING', 1),
(1067, '2022-07-14', 45, 1, 'TF RADITA/AUFA', 'TUKAR GULING', 1),
(1068, '2022-07-14', 375, 20, 'TF RADITA/AUFA', 'TUKAR GULING', 1),
(1069, '2022-07-14', 257, 7, 'TF RADITA/AUFA', 'TUKAR GULING', 1),
(1070, '2022-07-14', 256, 6, 'TF RADITA/AUFA', 'TUKAR GULING', 1),
(1071, '2022-07-14', 265, 3, 'TF RADITA/AUFA', 'TUKAR GULING', 1),
(1072, '2022-07-14', 264, 3, 'TF RADITA/AUFA', 'TUKAR GULING', 1),
(1073, '2022-07-14', 17, 1, 'TF RADITA/AUFA', 'TUKAR GULING', 1),
(1074, '2022-07-14', 259, 7, 'TF AL INTISAB/AUFA', 'TUKAR GULING', 1),
(1075, '2022-07-14', 256, 1, 'TF AL INTISAB/AUFA', 'TUKAR GULING', 1),
(1076, '2022-07-14', 258, 1, 'TF AL INTISAB/AUFA', 'TUKAR GULING', 1),
(1077, '2022-07-14', 65, 1, 'HAV/AHMAD', 'PERMINTAAN BARANG', 1),
(1078, '2022-07-14', 28, 1, 'HAV/AHMAD', 'TUKAR GULING', 1),
(1079, '2022-07-14', 42, 200, 'QA/IIS', 'PERMINTAAN BARANG', 1),
(1080, '2022-07-14', 54, 11, 'HRD/PAK PUJA', 'PERMINTAAN JATAH MP BARU', 1),
(1081, '2022-07-14', 70, 11, 'HRD/PAK FUJA', 'PERMINTAAN BARANG', 1),
(1082, '2022-07-14', 220, 11, 'HRD/PAK FUJA', 'PERMINTAAN BARANG', 1),
(1083, '2022-07-14', 217, 11, 'HRD/PAK FUJA', 'PERMINTAAN BARANG', 1),
(1084, '2022-07-14', 18, 1, 'QA/HERMAN', 'TUKAR GULING', 1),
(1085, '2022-07-14', 163, 1, 'ENG/KHOERUL', 'TUKAR GULING', 1),
(1086, '2022-07-12', 259, 8, 'TF AL MUFTI', 'TUKAR GULING', 1),
(1087, '2022-07-12', 263, 1, 'TF AL MUFTI', 'TUKAR GULING', 1),
(1088, '2022-07-12', 257, 1, 'TF AL MUFTI', 'TUKAR GULING', 1),
(1089, '2022-07-12', 248, 2, 'TF AL MUFTI', 'TUKAR GULING', 1),
(1090, '2022-07-12', 45, 1, 'TF AL MUFTI', 'TUKAR GULING', 1),
(1091, '2022-07-14', 35, 1, 'MTN/SAEPUL', 'TUKAR GULING', 1),
(1092, '2022-07-14', 385, 1, 'MTN/SAEPUL', 'TUKAR GULING', 1),
(1093, '2022-07-14', 427, 1, 'TF AL MUFTI', 'TUKAR  GULING', 1),
(1094, '2022-07-14', 69, 3, 'PP/PUTRI', 'PERMINTAAN BARANG', 1),
(1095, '2022-07-14', 125, 1, 'PP/PUTRI', 'TUKAR GULING M-S', 1),
(1096, '2022-07-12', 188, 1, 'TF ANGKASA', 'TUKAR GULING', 1),
(1097, '2022-07-12', 48, 6, 'TF ANGKASA', 'TUKAR GULING', 1),
(1098, '2022-07-12', 45, 1, 'TF ANGKASA', 'TUKAR GULING', 1),
(1099, '2022-07-12', 259, 1, 'TF ANGKASA', 'TUKAR GULING', 1),
(1100, '2022-07-12', 257, 4, 'TF ANGKASA', 'TUKAR GULING', 1),
(1101, '2022-07-12', 61, 1, 'TF ANGKASA', 'TUKAR GULING', 1),
(1102, '2022-07-12', 309, 1, 'TF ANGKASA', 'TUKAR GULING', 1),
(1103, '2022-07-12', 226, 2, 'TF ANGKASA', 'PERMINTAAN BARANG', 1),
(1104, '2022-07-12', 228, 1, 'TF ANGKASA', 'PERMINTAAN BARANG', 1),
(1105, '2022-07-12', 65, 1, 'TF ANGKASA', 'PERMINTAAN BARANG', 1),
(1106, '2022-07-13', 308, 1, 'SND/PAK ASEP', 'TUKAR GULING', 1),
(1107, '2022-07-12', 259, 1, 'TF STT', 'TUKAR GULING', 1),
(1108, '2022-07-12', 188, 1, 'TF STT', 'TUKAR GULING', 1),
(1109, '2022-07-14', 250, 1, 'LAB QA/DENI', 'TUKAR GULING', 1),
(1110, '2022-07-14', 17, 6, 'LAB QA/DENI', 'TUKAR GULING', 1),
(1111, '2022-07-15', 287, 1, 'PP/PUTRI', 'TUKAR GULING', 1),
(1112, '2022-07-15', 289, 1, 'WHS/SITI', 'TUKAR GULING', 1),
(1113, '2022-07-15', 12, 1, 'IT/PAK EPUL', 'TUKAR GULING', 1),
(1114, '2022-07-15', 61, 2, 'ADM PROD/AUFA NABILA', 'TUKAR GULING', 1),
(1115, '2022-07-15', 20, 1, 'ADM PROD/AUFA NABILA', 'TUKAR GULING', 1),
(1116, '2022-07-15', 42, 250, 'QA/DIKY', 'PERMINTAAN BARANG', 1),
(1117, '2022-07-15', 232, 2, 'QA/NINA', 'TUKAR GULING', 1),
(1118, '2022-07-15', 42, 200, 'ADM QA/GINA', 'PERMINTAAN BARANG', 1),
(1119, '2022-07-15', 232, 1, 'WHS/EGI', 'TUKAR GULING', 1),
(1120, '2022-07-15', 233, 7, 'WHS/EGI', 'TUKAR GULING', 1),
(1121, '2022-07-15', 69, 6, 'PP/PUTRI', 'PERMINTAAN BARANG', 1),
(1122, '2022-07-15', 227, 6, 'SND/SANDI', 'PERMINTAAN BARANG', 1),
(1123, '2022-07-15', 226, 6, 'SND/SANDI', 'PERMINTAAN BARANG', 1),
(1124, '2022-07-15', 228, 5, 'SND/SANDI', 'PERMINTAAN BARANG', 1),
(1125, '2022-07-15', 426, 2, 'HAV/ASEP TENGKU', 'TUKAR GULING', 1),
(1126, '2022-07-15', 231, 2, 'WHS/SITI', 'PERMINTAAN BARANG', 1),
(1128, '2022-07-15', 230, 2, 'WHS/SITI', 'PERMINTAAN BARANG', 1),
(1129, '2022-07-15', 229, 2, 'WHS/SITI', 'PERMINTAAN BARANG', 1),
(1130, '2022-07-15', 228, 2, 'WHS/SITI', 'PERMINTAAN BARANG', 1),
(1131, '2022-07-15', 180, 2, 'WHS/SITI', 'TUKAR GULING', 1),
(1132, '2022-07-15', 317, 2, 'ENG/ADE ROHMAT', 'TUKAR GULING', 1),
(1133, '2022-07-15', 247, 1, 'PP/DALIKA', 'TUKAR GULING', 1),
(1134, '2022-07-15', 232, 1, 'WHS/SITI', 'TUKAR GULING', 1),
(1135, '2022-07-15', 20, 1, 'WHS/SITI', 'TUKAR GULING', 1),
(1136, '2022-07-15', 21, 1, 'WHS/SITI', 'TUKAR GULING', 1),
(1137, '2022-07-15', 3, 20, 'QA PROTO/M SYAHRIL', 'PERMINTAAN BARANG', 1),
(1138, '2022-07-15', 60, 1, 'ITEC/RIZKA', 'TUKAR GULING', 1),
(1139, '2022-07-15', 289, 1, 'ENG/NINIK', 'TUKAR GULING', 1),
(1140, '2022-07-15', 250, 1, 'ITEC/NURAENI', 'TUKAR GULING', 1),
(1141, '2022-07-15', 258, 1, 'HAV/AJAT S', 'TUKAR GULING', 1),
(1142, '2022-07-15', 188, 1, 'PP/ALI', 'TUKAR GULING', 1),
(1143, '2022-07-15', 254, 1, 'PP/ALI', 'TUKAR GULING', 1),
(1144, '2022-07-15', 163, 1, 'PP/ALI', 'TUKAR GULING', 1),
(1145, '2022-07-15', 225, 4, 'HAV/DENI', 'PERMINTAAN BARANG', 1),
(1146, '2022-07-15', 228, 2, 'HAV/DENI', 'PERMINTAAN BARANG', 1),
(1147, '2022-07-15', 189, 3, 'HAV/DENI', 'TUKAR GULING', 1),
(1148, '2022-07-15', 163, 1, 'HAV/JANA WIHARJA', 'TUKAR GULING', 1),
(1149, '2022-07-15', 21, 1, 'ADM PROD/AUFA NABILA', 'TUKAR GULING', 1),
(1150, '2022-07-15', 35, 1, 'CS/MANG WAWAN', 'TUKAR GULING', 1),
(1151, '2022-07-14', 34, 1, 'CS/IPAN', 'TUKAR GULING', 1),
(1152, '2022-07-13', 42, 100, 'QA/DIKY', 'PERMINTAAN BARANG', 1),
(1153, '2022-07-15', 252, 1, 'PP/LUTHFIYAH', 'TUKAR GULING', 1),
(1154, '2022-07-12', 4, 3, 'ADM PROD/AUFA', 'PERMINTAAN BARANG', 1),
(1155, '2022-07-12', 31, 1, 'PPIC/IRENA', 'PERMINTAAN BARANG', 1),
(1156, '2022-07-12', 61, 7, 'PPC/PUTRI', 'TUKAR GULING', 1),
(1157, '2022-07-12', 244, 7, 'PPC/PUTRI', 'TUKAR GULING', 1),
(1158, '2022-07-17', 259, 1, 'QA/HERMAN', 'TUKAR GULING', 1),
(1159, '2022-07-12', 163, 1, 'PP/HIDAYATULLOH', 'TUKAR GULING', 1),
(1160, '2022-07-12', 309, 1, 'HAV/M RAMDANI', 'TUKAR GULING', 1),
(1161, '2022-07-12', 63, 3, 'IT/JULIUS', 'TUKAR GULING', 1),
(1162, '2022-07-12', 40, 1, 'WHS/SITI', 'TUKAR GULING', 1),
(1163, '2022-07-12', 241, 1, 'WHS/SITI', 'TUKAR GULING', 1),
(1164, '2022-07-12', 240, 1, 'WHS/SITI', 'TUKAR GULING', 1),
(1165, '2022-07-12', 61, 6, 'WHS/SITI', 'TUKAR GULING', 1),
(1166, '2022-07-12', 180, 2, 'WHS/SITI', 'TUKAR GULING', 1),
(1167, '2022-07-12', 177, 1, 'WHS/SITI', 'TUKAR GULING', 1),
(1168, '2022-07-12', 63, 1, 'WHS/SITI', 'TUKAR GULING', 1),
(1170, '2022-07-12', 236, 1, 'WHS/SITI', 'TUKAR GULING', 1),
(1171, '2022-07-12', 69, 3, 'PP/PURI', 'PERMINTAAN BARANG', 1),
(1172, '2022-07-12', 230, 1, 'PP/PURI', 'PERIMINTAAN BARANG', 1),
(1173, '2022-07-12', 188, 1, 'PP/PURI', 'TUKAR GULING', 1),
(1174, '2022-07-12', 371, 1, 'PP/PURI', 'TUKAR GULING', 1),
(1175, '2022-07-12', 230, 2, 'PP/PURI', 'PERMINTAAN BARANG', 1),
(1176, '2022-07-12', 252, 1, 'PP/LUTHFIYAH NUR', 'TUKAR GULING', 1),
(1177, '2022-07-12', 380, 1, 'PP/LUTHFIYAH NUR', 'TUKAR GULING', 1),
(1178, '2022-07-12', 247, 3, 'PP/LUTHFIYAH NUR', 'TUKAR GULING', 1),
(1179, '2022-07-12', 69, 2, 'PP/LUTHFIYAH NUR', 'PERMINTAN BARANG', 1),
(1180, '2022-07-12', 189, 2, 'HAV/EDI H', 'TUKAR GULING', 1),
(1181, '2022-07-12', 45, 1, 'HAV/RIMA', 'TUKAR GULING', 1),
(1182, '2022-07-12', 65, 3, 'HAV/RIMA', 'PERMINTAAN BARANG', 1),
(1183, '2022-07-12', 189, 2, 'HAV/DENI', 'TUKAR GULING', 1),
(1184, '2022-07-12', 228, 3, 'HAV/DENI', 'PERMINTAAN BARANG', 1),
(1185, '2022-07-12', 225, 6, 'HAV/DENI', 'PERMINTAAN BARANG', 1),
(1186, '2022-07-12', 163, 2, 'SND/SANDI', 'TUKAR GULING', 1),
(1187, '2022-07-13', 247, 1, 'WKS/ADAM', 'TUKAR GULING', 1),
(1188, '2022-07-13', 172, 1, 'WKS/ADAM', 'TUKAR GULING', 1),
(1189, '2022-07-13', 65, 1, 'WKS/ADAM', 'PERMINTAAN BARANG', 1),
(1190, '2022-07-13', 232, 1, 'WKS/ADAM', 'TUKAR GULING', 1),
(1191, '2022-07-13', 231, 1, 'WKS/ADAM', 'PERMINTAAN BARANG', 1),
(1192, '2022-07-13', 3, 5, 'ADM QA/GINA', 'PERMINTAAN BARANG', 1),
(1193, '2022-07-13', 247, 2, 'WKS/RIYAN', 'TUKAR GULING', 1),
(1194, '2022-07-13', 100, 4, 'WKS/RIYAN', 'TUKAR GULING', 1),
(1195, '2022-07-13', 69, 4, 'PP/PUTRI', 'PERMINTAAN BARANG', 1),
(1196, '2022-07-13', 375, 20, 'ENG/NINIK', 'TUKAR GULING', 1),
(1197, '2022-07-13', 250, 1, 'ITEC/NURAENI', 'TUKAR  GULING', 1),
(1198, '2022-07-13', 231, 5, 'SND/SANDI', 'PERMINTAAN BARANG', 1),
(1199, '2022-07-13', 230, 5, 'SND/SANDI', 'PERMINTAAN BARANG', 1),
(1200, '2022-07-13', 229, 5, 'SND/SANDI', 'PERMINTAAN BARANG', 1),
(1201, '2022-07-13', 228, 5, 'SND/SANDI', 'PERMINTAAN BARANG', 1),
(1202, '2022-07-13', 227, 5, 'SND/SANDI', 'PERMINTAAN BARANG', 1),
(1203, '2022-07-13', 226, 5, 'SND/SANDI', 'PERMINTAAN BARANG', 1),
(1204, '2022-07-13', 189, 1, 'HAV/JANA', 'TUKAR GULING', 1),
(1205, '2022-07-13', 163, 1, 'HAV/JANA', 'TUKAR GULING', 1),
(1206, '2022-07-13', 189, 1, 'HAV/M RAMDANI', 'TUKAR GULING', 1),
(1207, '2022-07-13', 45, 3, 'ENG/KHOERUL', 'TUKAR GULING', 1),
(1208, '2022-07-13', 226, 10, 'TF STT TEXMACO', 'PERMINTAAN BARANG', 1),
(1209, '2022-07-13', 229, 7, 'TF STT TEXMACO', 'PERMINTAAN BARANG', 1),
(1210, '2022-07-13', 293, 5, 'TF STT TEXMACO', 'PERMINTAA BARANG', 1),
(1211, '2022-07-12', 65, 2, 'ENG/KHOERUL', 'PERMINTAAN BARANG', 1),
(1212, '2022-07-12', 226, 2, 'ENG/KHOERUL', 'PERMINTAAN BARANG', 1),
(1213, '2022-07-13', 45, 1, 'TF STT', 'TUKAR GULING', 1),
(1214, '2022-07-13', 188, 2, 'TF STT', 'TUKAR GULING', 1),
(1215, '2022-07-13', 21, 1, 'TF STT', 'TUKAR GULING', 1),
(1216, '2022-07-13', 22, 1, 'TF STT', 'TUKAR GULING', 1),
(1217, '2022-07-13', 189, 3, 'HAV/DENI', 'TUKAR GULING', 1),
(1218, '2022-07-13', 61, 5, 'WHS/SITI', 'TUKAR GULING', 1),
(1219, '2022-07-13', 188, 1, 'WHS/SITI', 'TUKAR GULING', 1),
(1220, '2022-07-13', 177, 1, 'WHS/SITI', 'TUKAR GULING', 1),
(1221, '2022-07-13', 175, 1, 'WHS/SITI', 'TUKAR GULING', 1),
(1222, '2022-07-13', 241, 4, 'WHS/SITI', 'TUKAR GULING', 1),
(1223, '2022-07-13', 180, 2, 'WHS/SITI', 'TUKAR GULING', 1),
(1224, '2022-07-13', 183, 1, 'HAV/MULYANA', 'TUKAR GULING', 1),
(1225, '2022-07-13', 293, 1, 'HAV/MULYANA', 'TUKAR GULING', 1),
(1226, '2022-07-13', 242, 1, 'HAV/MULYANA', 'TUKAR GULING', 1),
(1227, '2022-07-13', 228, 3, 'HAV/MULYANA', 'PERMINTAAN BARANG', 1),
(1228, '2022-07-13', 225, 5, 'HAV/MULYANA', 'PERMINTAAN BARANG', 1),
(1229, '2022-07-13', 188, 2, 'HAV/GENTA', 'TUKAR GULING', 1),
(1230, '2022-07-14', 13, 2, 'LND/RIZAL', 'TUKAR GULING', 1),
(1231, '2022-07-14', 189, 3, 'HAV/ASEP TENGKU', 'TUKAR GULING', 1),
(1232, '2022-07-14', 317, 1, 'MTN/KHOERUL ROHMAT', 'TUKAR GULING', 1),
(1233, '2022-07-13', 128, 1, 'ILHAM Z', 'JATAH 1 BULAN', 1),
(1234, '2022-07-13', 127, 1, 'ITEC/DERA PUSPITA H', 'JATAH BAJU 1 BULAN', 1),
(1235, '2022-07-13', 127, 1, 'PP/RAHMA SALSABILA M', 'JATAH BAJU 1 BULAN', 1),
(1236, '2022-07-13', 126, 1, 'PP/FANI NURAENI', 'JATAH BAJU 1 BULAN', 1),
(1237, '2022-07-13', 126, 1, 'PP/SANDI ALWI', 'JATAH BAJU 1 BULAN', 1),
(1238, '2022-07-13', 127, 1, 'PP/GENI KHARISMA', 'JATAH BAJU 1 BULAN', 1),
(1239, '2022-07-13', 127, 1, 'PP/ABDUL FATAH', 'JATAH BAJU 1 BULAN', 1),
(1240, '2022-07-13', 126, 1, 'PPIC/YULI YULIANI', 'JATAH BAJU 1 BULAN', 1),
(1241, '2022-07-14', 65, 3, 'PP/LUTHFIYAH NUR', 'PERMINTAN BARANG', 1),
(1242, '2022-07-14', 247, 1, 'PP/LUTHFIYAH NUR', 'TUKAR GULING', 1),
(1243, '2022-07-14', 69, 3, 'PP/PUTRI', 'PERMINTAAN BARANG', 1),
(1244, '2022-07-14', 65, 2, 'PP/PUTRI', 'PERMINTAAN BARANG', 1),
(1245, '2022-07-14', 231, 1, 'WHS/SITI', 'PERMINTAAN BARANG', 1),
(1246, '2022-07-14', 230, 2, 'WHS/SITI', 'PERMINTAN BARANG', 1),
(1247, '2022-07-14', 229, 1, 'WHS/SITI', 'PERMINTAAN BARANG', 1),
(1248, '2022-07-14', 228, 1, 'WHS/SITI', 'PERMNTAAN BARANG', 1),
(1249, '2022-07-14', 180, 1, 'WHS/SITI', 'TUKAR GULING', 1),
(1250, '2022-07-14', 366, 7, 'HAV/INA', 'PERMINTAAN BARANG', 1),
(1251, '2022-07-14', 189, 3, 'HAV/JANA', 'TUKAR GULING', 1),
(1252, '2022-07-14', 233, 1, 'HAV/JANA', 'TUKAR GULING', 1),
(1253, '2022-07-14', 183, 1, 'HAV/JANA', 'TUKAR GULING', 1),
(1254, '2022-07-14', 191, 1, 'ENG/KHOERUL', 'TUKAR GULING', 1),
(1255, '2022-07-14', 259, 3, 'TF ALMUNAWAROH', 'TUKAR GULING', 1),
(1256, '2022-07-14', 256, 1, 'TF ALMUNAWAROH', 'TUKAR GULING', 1),
(1257, '2022-07-14', 65, 2, 'TF ALMUNAWAROH', 'PERMINTAAN BARANG', 1),
(1258, '2022-07-14', 189, 1, 'TF ALMUNAWAROH', 'TUKAR GULING', 1),
(1259, '2022-07-14', 226, 1, 'TF ALMUNAWAROH', 'PERMINTAAN BARANG', 1),
(1260, '2022-07-14', 4, 10, 'TF ALMUNAWAROH', 'PERMINTAAN BARANG', 1),
(1261, '2022-07-14', 48, 4, 'TF ANGKASA', 'TUKAR GULING', 1),
(1262, '2022-07-14', 45, 3, 'TF ANGKASA', 'TUKAR GULING', 1),
(1263, '2022-07-14', 259, 1, 'TF ANGKASA', 'TUKAR GULING', 1),
(1264, '2022-07-14', 257, 1, 'TF ANGKASA', 'TUKAR GULING', 1),
(1265, '2022-07-14', 411, 1, 'TF ANGKASA', 'TUKAR GULING', 1),
(1266, '2022-07-13', 259, 6, 'TF ALMUFTI', 'TUKAR GULING', 1),
(1267, '2022-07-13', 258, 1, 'TF ALMUFTI', 'TUKAR GULING', 1),
(1268, '2022-07-13', 60, 1, 'TF ALMUFTI', 'TUKAR GULING', 1),
(1269, '2022-07-15', 265, 3, 'TF RADITA YUDA', 'TUKAR GULING', 1),
(1270, '2022-07-15', 264, 2, 'TF RADITA YUDA', 'TUKAR GULING', 1),
(1271, '2022-07-15', 257, 2, 'TF RADITA YUDA', 'TUKAR GULING', 1),
(1272, '2022-07-15', 256, 2, 'TF RADITA YUDA', 'TUKAR GULING', 1),
(1273, '2022-07-15', 60, 1, 'TF RADITA YUDA', 'TUKAR GULING', 1),
(1274, '2022-07-15', 247, 1, 'TF RADITA YUDA', 'TUKAR GULING', 1),
(1275, '2022-07-15', 248, 1, 'TF RADITA YUDA', 'TUKAR GULING', 1),
(1276, '2022-07-15', 308, 1, 'TF RADITA YUDA', 'TUKAR GULING', 1),
(1277, '2022-07-15', 290, 4, 'SND/SANDI', 'TUKAR GULING', 1),
(1278, '2022-07-15', 233, 1, 'SND/SANDI', 'TUKAR GULING', 1),
(1279, '2022-07-15', 228, 5, 'SND/SANDI', 'PERMINTAAN BARANG', 1),
(1280, '2022-07-15', 189, 3, 'HAV/JANA', 'TUKAR GULING', 1),
(1281, '2022-07-15', 233, 1, 'HAV/JANA', 'TUKAR GULING', 1),
(1282, '2022-07-15', 65, 2, 'ITEC/NURAENI', 'PERMINTAAN BARANG', 1),
(1283, '2022-07-15', 241, 4, 'WHS/SITI', 'TUKAR GULING', 1),
(1284, '2022-07-15', 243, 1, 'WHS/SITI', 'TUKAR GULING', 1),
(1285, '2022-07-15', 175, 2, 'WHS/SITI', 'TUKAR GULING', 1),
(1286, '2022-07-15', 177, 1, 'WHS/SITI', 'TUKAR GULING', 1),
(1288, '2022-07-15', 176, 1, 'WHS/SITI', 'TUKAR GULING', 1),
(1289, '2022-07-15', 180, 2, 'WHS/SITI', 'TUKAR GULING', 1),
(1290, '2022-07-15', 179, 3, 'WHS/SITI', 'TUKAR GULING', 1),
(1291, '2022-07-14', 114, 1, 'MTN/WINDI WINARDI', 'JATAH 1 TAHUN', 1),
(1292, '2022-07-14', 111, 1, 'MTN/WINDI WINARDI', 'JATAH 1 TAHUN', 1),
(1293, '2022-07-14', 387, 1, 'MTN/WINDI WINARDI', 'JATAH 1 TAHUN', 1),
(1294, '2022-07-14', 111, 1, 'MTN/M YUSUF', 'JATAH 1 TAHUN', 1),
(1295, '2022-07-14', 322, 1, 'MTN/M YUSUF', 'JATAH 1 TAHUN', 1),
(1296, '2022-07-14', 385, 1, 'MTN/M YUSUF', 'JATAH 1 TAHUN', 1),
(1297, '2022-07-14', 110, 1, 'MTN/NIPAN NUGRAHA', 'JATAH 1 BULAN', 1),
(1298, '2022-07-14', 115, 1, 'MTN/NIPAN NUGRAHA', 'JATAH 1 BULAN', 1),
(1299, '2022-07-14', 384, 1, 'MTN/NIPAN NUGRAHA', 'JATH 1 BULAN', 1),
(1300, '2022-07-15', 259, 2, 'ADM QA/GINA', '56/IDM/QA/PTI/VII/22', 1),
(1301, '2022-07-15', 258, 2, 'ADM QA/GINA', '56/IDM/QA/PTI/VII/22', 1),
(1302, '2022-07-15', 262, 3, 'ADM QA/GINA', '56/IDM/QA/PTI/VII/22', 1),
(1303, '2022-07-14', 384, 1, 'UTILITY/YANTO', 'JATAH TAHUNAN', 1),
(1304, '2022-07-14', 386, 1, 'UTILITY/ROBI', 'JATAH TAHUNAN', 1),
(1305, '2022-07-14', 386, 1, 'UTILITY/SUARDI', 'JATAH TAHUNAN', 1),
(1306, '2022-07-14', 386, 1, 'UTILITY/DADANG', 'JATAH TAHUNAN', 1),
(1307, '2022-07-13', 163, 1, 'OFFICE', 'TUKAR GULING', 1),
(1308, '2022-07-15', 163, 1, 'MESIN FOTOCOPY', '1TUKAR GULING', 1),
(1309, '2022-07-17', 183, 1, 'HAV/ADITIYA', 'TUKAR GULING', 1),
(1310, '2022-07-17', 293, 1, 'HAV/ADITIYA', 'TUKAR GULING', 1),
(1311, '2022-07-17', 242, 2, 'HAV/ADITIA', 'TUKAR GULING', 1),
(1312, '2022-07-17', 231, 3, 'CUTTING/RIZAL', 'PERMINTAAN BARANG', 1),
(1313, '2022-07-17', 163, 1, 'PP/SANDIA', 'TUKAR GULING', 1),
(1314, '2022-07-17', 254, 1, 'PP/SANDIA', 'TUKAR GULING', 1),
(1315, '2022-07-18', 256, 1, 'LAB QA/DHENY', 'TUKAR GULING', 1),
(1316, '2022-07-18', 35, 1, 'CS/WAWAN', 'TUKAR GULING', 1),
(1318, '2022-07-18', 163, 2, 'OFFICE', 'TUKAR GULING', 1),
(1319, '2022-07-18', 273, 1, 'HRD/FUJA', 'PERMINTAAN BARANG', 1),
(1320, '2022-07-18', 310, 1, 'HRD/FUJA', 'PERMINTAAN BARANG', 1),
(1321, '2022-07-18', 317, 1, 'ENG/ADE ROHMAT', 'TUKAR GULING', 1),
(1322, '2022-07-19', 259, 7, 'QA/SANDI', 'TUKAR GULING', 1),
(1323, '2022-07-19', 265, 1, 'QA/SANDI', 'TUKAR GULING', 1),
(1324, '2022-07-18', 367, 2, 'ENG/ASEP', 'TUKAR GULING', NULL),
(1325, '2022-07-18', 191, 1, 'IT/JULIUS', 'TUKAR GULING', 1),
(1326, '2022-07-17', 83, 2, 'HRD/TRAYA', 'JATAH 1 & 3 BULAN', 1),
(1327, '2022-07-17', 72, 2, 'HRD/TRAYA', 'JATAH 1 & 3 BULAN', 1),
(1328, '2022-07-19', 257, 1, 'ADM QA/GINA', 'TUKAR GULING', 1),
(1329, '2022-07-19', 370, 1, 'ITEC/FIKRI', 'TUKAR GULING', 1),
(1330, '2022-07-08', 437, 4, 'WKS/RIAN', 'TUKAR GULING', 1),
(1332, '2022-07-19', 249, 1, 'HAV/CUCU', 'TUKAR GULING', 1),
(1333, '2022-07-19', 188, 1, 'ITEC/RIZKA', 'TUKAR GULING', 1),
(1334, '2022-07-19', 189, 1, 'SND/SANDI', 'TUKAR GULING', 1),
(1335, '2022-07-19', 69, 3, 'PP/PUTRI', 'PERMINTAAN BARANG', 1),
(1336, '2022-07-19', 230, 3, 'PP/DEDE RUSLAN', 'PERMINTAAN BARANG', 1),
(1337, '2022-07-19', 367, 2, 'ENG/ASEP REZA', 'TUKAR GULING', 1),
(1338, '2022-07-19', 221, 2, 'ENG/ASEP REZA', 'JATAH BULAN JULI', 1),
(1339, '2022-07-19', 42, 100, 'QA/HERMAN', 'PERMINTAAN BARANG', 1),
(1340, '2022-07-19', 226, 10, 'SND/SANDI', 'PERMINTAAN BARANG', 1),
(1341, '2022-07-19', 309, 1, 'SND/SANDI', 'TUKAR GULING', 1),
(1342, '2022-07-19', 163, 2, 'SND/SANDI', 'TUKAR GULING', 1),
(1343, '2022-07-19', 61, 1, 'ENG/NINIK', 'TUKAR GULING', 1),
(1344, '2022-07-19', 185, 4, 'PPC/PUTRI', 'TUKAR GULING', 1),
(1345, '2022-07-15', 184, 3, 'PPC/PUTRI', 'TUKAR GULING', 1),
(1346, '2022-07-15', 215, 1, 'PP/MARDANI', 'PERMINTAAN BARANG', 1),
(1347, '2022-07-19', 69, 3, 'PP/PUTRI', 'PERMINTAAN BARANG', 1),
(1348, '2022-07-19', 61, 1, 'QA/SHINTA', 'TUKAR GULING', 1),
(1349, '2022-07-05', 97, 1, 'UTILITY/DADANG', 'JATAH BAJU 3 BULAN', 1),
(1350, '2022-07-18', 76, 1, 'STAFF PPC/LISFIA NURHALISA', 'JATAH BAJU 3 BULAN', 1),
(1351, '2022-07-18', 83, 1, 'STAFF PPC/LISFIA NURHALISA', 'JATAH CELANA 3 BULAN', 1),
(1352, '2022-07-18', 153, 1, 'WHS/MELA SEPTIANI', 'JATAH BAJU 1 BULAN', 1),
(1353, '2022-07-18', 154, 1, 'WHS/TANTO HERYANTO', 'JATAH BAJU 1 BULAN', 1),
(1354, '2022-07-15', 127, 1, 'PP/RIAN ANDRIANSYAH', 'JATAH BAJU 1 BULAN', 1),
(1355, '2022-07-15', 128, 1, 'PP/SAHRUL ALI', 'JATAH BAJU 1 BULAN', 1),
(1356, '2022-07-19', 122, 1, 'QA/DIVA NUGRAHA W', 'JATAH BAJU 1 BULAN', 1),
(1357, '2022-07-19', 121, 1, 'QA/IFAH NURKHOFIFAH', 'JATAH BAJU 1 BULAN', 1),
(1358, '2022-07-19', 122, 1, 'ADM QA/GINA', 'JATAH BAJU 1 TAHUN', 1),
(1359, '2022-07-19', 121, 1, 'QA/NURUL ADAWIAH', 'JATAH BAJU 1 TAHUN', 1),
(1360, '2022-07-19', 124, 1, 'QA/RAHMATI', 'JATAH BAJU 1 TAHUN', 1),
(1361, '2022-07-19', 123, 1, 'QA/ALIF TAUFIQURRAHMAN', 'JATAH BAJU 1 TAHUN', 1),
(1362, '2022-07-18', 69, 4, 'PP/PUTRI', 'PERMINTAAN BARANG', 1),
(1363, '2022-07-18', 230, 4, 'PP/PUTRI', 'PERMINTAAN BARANG', 1),
(1364, '2022-07-18', 371, 1, 'PP/PUTRI', 'TUKAR GULING', 1),
(1365, '2022-07-18', 231, 2, 'PP/PUTRI', 'PERMINTAAN BARANG', 1),
(1367, '2022-07-18', 69, 3, 'PP/PUTRI', 'PERMINTAAN BARANG', 1),
(1368, '2022-07-18', 380, 1, 'PP/LUTHFIYAH NUR', 'TUKAR GULING', 1),
(1369, '2022-07-18', 227, 5, 'SND/SANDI', 'PERMINTAAN BARANG', 1),
(1370, '2022-07-18', 226, 5, 'SND/SANDI', 'PERMINTAAN BARANG', 1),
(1371, '2022-07-18', 173, 1, 'WKS/ADAM', 'TUKAR GULING', 1),
(1372, '2022-07-18', 65, 2, 'WKS/ADAM', 'PERMINTAAN BARANG', 1),
(1373, '2022-07-19', 17, 2, 'LAB QA/DHENY', 'TUKAR GULING', 1),
(1374, '2022-07-18', 189, 3, 'HAV/JANA', 'TUKAR GULING', 1),
(1375, '2022-07-18', 233, 1, 'HAV/JANA', 'TUKAR GULING', 1),
(1376, '2022-07-18', 225, 4, 'HAV/DENI', 'PERMINTAAN BARANG', 1),
(1377, '2022-07-18', 35, 1, 'CS/MANG WAWAN', 'PERMINTAAN BARANG', 1),
(1378, '2022-07-18', 189, 1, 'HAV/DENI', 'TUKAR GULING', 1),
(1379, '2022-07-18', 219, 6, 'CS/RANGGA', 'PERMINTAAN BARANG', 1),
(1380, '2022-07-18', 228, 2, 'ITEC/FIKRI', 'PERMINTAAN BARANG', 1),
(1381, '2022-07-18', 391, 1, 'ITEC/FIKRI', 'TUKAR GULING', 1),
(1382, '2022-07-18', 248, 1, 'pp/dalika', 'tukar guling', 1),
(1383, '2022-07-18', 292, 1, 'HRD/PAK FUJA', 'PERMINTAAN BARANG', 1),
(1384, '2022-07-18', 177, 1, 'WHS/SITI', 'TUKAR GULING', 1),
(1385, '2022-07-18', 176, 1, 'WHS/SITI', 'TUKAR GULING', 1),
(1386, '2022-07-18', 243, 2, 'WHS/SITI', 'TUKAR GULING', 1),
(1387, '2022-07-20', 69, 3, 'PP/PUTRI', 'PERMINTAAN BARANG', 1),
(1388, '2022-07-20', 61, 5, 'PPIC/PUTRI', 'TUKAR GULING', 1),
(1389, '2022-07-20', 65, 2, 'ITEC/NURAINI', 'PERMINTAAN BARANG', 1),
(1390, '2022-07-18', 241, 2, 'WHS/SITI', 'TUKAR GULING', 1),
(1391, '2022-07-18', 61, 6, 'WHS/SITI', 'TUKAR GULING', 1),
(1392, '2022-07-18', 180, 1, 'WHS/SITI', 'TUKAR GULING', 1),
(1393, '2022-07-18', 232, 1, 'WHS/SITI', 'TUKAR GULING', 1),
(1394, '2022-07-18', 226, 15, ' TF STT TEXMACO', 'PERMINTAAN BARANG', 1),
(1395, '2022-07-20', 191, 2, 'ENG/ANGGA', 'TUKAR GULING', 1),
(1396, '2022-07-20', 230, 2, 'PP/PUTRI', 'PERMINTAAN BARANG', 1),
(1397, '2022-07-20', 353, 1, 'ENG/AGAMAS', 'TUKAR GULING', 1),
(1398, '2022-07-18', 228, 10, ' TF STT TEXMACO', 'PERMINTAAN BARANG', 1),
(1399, '2022-07-18', 42, 200, ' TF STT TEXMACO', 'PERMINTAAN BARANG', 1),
(1400, '2022-07-18', 65, 5, ' TF STT TEXMACO', 'PERMINTAAN BARANG', 1),
(1401, '2022-07-18', 69, 5, ' TF STT TEXMACO', 'PERMINTAAN BARANG', 1),
(1402, '2022-07-18', 42, 200, 'TF RADITA YUDA', 'PERMINTAAN BARANG', 1),
(1403, '2022-07-20', 231, 2, 'PP/DEDE RUSLAN', 'PERMINTAAN BARANG', 1),
(1404, '2022-07-18', 65, 2, 'TF RADITA YUDA', 'PERMINTAAN BARANG', 1),
(1405, '2022-07-18', 228, 5, 'TF RADITA YUDA', 'PERMINTAAN BARANG', 1),
(1406, '2022-07-18', 227, 10, 'TF RADITA YUDA', 'PERMINTAAN BARANG', 1),
(1407, '2022-07-18', 226, 5, 'TF RADITA YUDA', 'PERMINTAAN BARANG', 1),
(1408, '2022-07-18', 215, 5, 'TF RADITA YUDA', 'PERMINTAAN BARANG', 1),
(1409, '2022-07-18', 65, 3, 'TF AL IINTISAB', 'PERMINTAAN BARANG', 1),
(1410, '2022-07-18', 293, 3, 'TF AL INTISAB', 'PERMINTAAN BARANG', 1),
(1411, '2022-07-18', 4, 10, 'TF AL INTISAB', 'PERMINTAAN BARANG', 1),
(1412, '2022-07-19', 69, 2, 'TF AL MUFTI', 'PERMINTAAN BARANG', 1),
(1413, '2022-07-19', 226, 2, 'TF AL MUFTI', 'PERMINTAAN BARANG', 1),
(1414, '2022-07-19', 293, 2, 'TF AL MUFTI', 'PERMINTAAN BARANG', 1),
(1415, '2022-07-19', 65, 2, 'TF AL MUFTI', 'PERMINTAANBARANG', 1),
(1416, '2022-07-19', 187, 2, 'ENG/KHOERUL', 'TUKAR GULING', 1),
(1417, '2022-07-18', 223, 1, 'OFFICE PRODUKSI', 'TUKAR GULING', 1),
(1418, '2022-07-19', 163, 2, 'ENG/KHOERUL', 'TUKAR GULING', 1),
(1419, '2022-07-19', 223, 1, 'ENG/KHOERUL', 'TUKAR GULING', 1),
(1420, '2022-07-20', 371, 1, 'PP/PUTRI', 'TUKAR GULING', 1),
(1421, '2022-07-19', 259, 2, 'TF AL MUNAWAROH', 'TUKAR GULING', 1),
(1422, '2022-07-19', 257, 3, 'TF AL MUNAWAROH', 'TUKAR GULING', 1),
(1423, '2022-07-19', 65, 1, 'TF AL MUNAWAROH', 'PERMINTAAN BARANG', 1),
(1424, '2022-07-19', 228, 1, 'TF AL MUNAWAROH', 'PERMINTAAN BARANG', 1),
(1425, '2022-07-19', 226, 1, 'TF AL MUNAWAROH', 'PERMINTAAN BARANG', 1),
(1426, '2022-07-19', 57, 1, 'TF AL MUNAWAROH', 'TUKAR GULING', 1),
(1427, '2022-07-19', 293, 2, 'TF AL MUNAWAROH', 'PERMINTAAN BARANG', 1),
(1428, '2022-07-19', 259, 4, 'TF AL MUFTI', 'TUKAR GULING', 1),
(1429, '2022-07-19', 259, 3, 'TF AL INTISAB', 'TUKAR GULING', 1),
(1430, '2022-07-19', 48, 4, 'TF ANGKASA', 'TUKAR GULING', 1),
(1431, '2022-07-19', 45, 6, 'TF ANGKASA', 'TUKAR GULING', 1),
(1432, '2022-07-19', 259, 1, 'TF ANGKASA', 'TUKAR GULING', 1),
(1433, '2022-07-19', 191, 2, 'TF ANGKASA', 'TUKAR GULING', 1),
(1434, '2022-07-19', 293, 2, 'TF ANGKASA', 'PERMINTAAN BARANG', 1),
(1435, '2022-07-19', 61, 1, 'TF ANGKASA', 'TUKAR GULING', 1),
(1436, '2022-07-19', 317, 1, 'TF STT TEXMACO', 'TUKAR GULING', 1),
(1437, '2022-07-19', 257, 1, 'TF STT TEXMACO', 'TUKAR GULING', 1),
(1438, '2022-07-19', 259, 1, 'TF STT TEXMACO', 'TUKAR GULING', 1),
(1439, '2022-07-19', 256, 2, 'TF STT TEXMACO', 'TUKAR GULING', 1),
(1440, '2022-07-19', 188, 3, 'TF STT TEXMACO', 'TUKAR GULING', 1),
(1441, '2022-07-19', 51, 2, 'TF STT TEXMACO', 'TUKAR GULING', 1),
(1442, '2022-07-20', 128, 1, 'PPIC/PUTRI', 'PEMBELIAN BAJU', 1),
(1443, '2022-07-20', 290, 1, 'HAV/ERIK', 'TUKAR GULING', 1),
(1444, '2022-07-19', 45, 1, 'WHS/SITI', 'TUKAR GULING', 1),
(1445, '2022-07-19', 180, 3, 'WHS/SITI', 'TUKAR GULING', 1),
(1446, '2022-07-19', 188, 1, 'WHS/SITI', 'TUKAR GULING', 1),
(1447, '2022-07-19', 243, 1, 'WHS/SITI', 'TUKAR GULING', 1),
(1448, '2022-07-19', 241, 1, 'WHS/SITI', 'TUKAR GULING', 1),
(1449, '2022-07-19', 177, 1, 'WHS/SITI', 'TUKAR GULING', 1),
(1450, '2022-07-19', 176, 1, 'WHS/SITI', 'TUKAR GULING', 1),
(1451, '2022-07-19', 249, 1, 'PP/DALIKA', 'TUKAR GULING', 1),
(1452, '2022-07-19', 247, 2, 'PP/DALIKA', 'TUKAR GULING', 1),
(1453, '2022-07-19', 1, 2, 'PP/DALIKA', 'TUKAR GULING', 1),
(1454, '2022-07-19', 252, 1, 'PP/DALIKA', 'TUKAR GULING', 1),
(1455, '2022-07-19', 69, 3, 'PP/DALIKA', 'PERMINTAAN BARANG', 1),
(1456, '2022-07-19', 65, 3, 'PP/DALIKA', 'PERMINTAAN BARANG', 1),
(1457, '2022-07-20', 31, 1, 'QA/DIKI', 'TUKAR GULING', 1),
(1458, '2022-07-20', 215, 3, 'QA/HERMAN', 'PERMINTAAN BARANG', 1),
(1459, '2022-07-20', 42, 400, 'QA/DIKI', 'PERMINTAAN BARANG', 1),
(1460, '2022-07-19', 188, 2, 'HAV/DENI', 'TUKAR GULING', 1),
(1461, '2022-07-19', 189, 2, 'HAV/DENI', 'TUKAR GULING', 1),
(1462, '2022-07-19', 225, 5, 'HAV/DENI', 'TUKAR GULING', 1),
(1463, '2022-07-20', 163, 1, 'HAV/JANA', 'TUKAR GULING', 1),
(1464, '2022-07-19', 269, 1, 'PP/NOCKDIAN', 'PERMINTAAN BARANG', 1),
(1465, '2022-07-20', 11, 1, 'ASST MAN/PAK ENDANG', 'TUKAR GULING', 1),
(1466, '2022-07-20', 231, 4, 'PP/PUTRI', 'PERMINTAAN BARANG', 1),
(1467, '2022-07-20', 69, 4, 'PP/PUTRI', 'PERMINTAAN BARANG', 1),
(1468, '2022-07-20', 254, 2, 'PPPIC/PUTRI', 'TUKAR GULING', 1),
(1469, '2022-07-20', 61, 1, 'PPIC/PUTRI', 'TUKAR GULING', 1),
(1470, '2022-07-20', 206, 1, 'PPIC/PUTRI', 'TUKAR GULING', 1),
(1471, '2022-07-20', 186, 4, 'PPIC/PUTRI', 'TUKAR GULING', 1),
(1472, '2022-07-20', 266, 1, 'HRD/PAK FUJA', 'PERMINTAAN BARANG', 1),
(1473, '2022-07-20', 237, 1, 'OFFICE PRODUKSI', 'TUKAR GULING', 1),
(1474, '2022-07-19', 181, 1, 'HAV/MULYANA', 'TUKAR GULING', 1),
(1475, '2022-07-19', 183, 1, 'HAV/MULYANA', 'TUKAR GULING', NULL),
(1476, '2022-07-19', 293, 1, 'HAV/MULYANA', 'TUKAR GULING', NULL),
(1477, '2022-07-19', 242, 1, 'HAV/MULYANA', 'TUKAR GULING', 1),
(1478, '2022-07-21', 69, 3, 'PP/PUTRI', 'PERMINTAAN BARANG', 1),
(1479, '2022-07-19', 254, 1, 'PP/ALI YUSUF', 'TUKAR GULING', 1),
(1480, '2022-07-19', 163, 1, 'PP/ALI YUSUF', 'TUKAR GULING', 1),
(1481, '2022-07-19', 163, 1, 'ENG/ADE', 'TUKAR GULING', 1),
(1482, '2022-07-21', 65, 2, 'ENG/AGUNG', 'PERMINTAAN BARANG', 1),
(1483, '2022-07-21', 317, 2, 'MTN/SAEPUL', 'TUKAR GULING', 1),
(1484, '2022-07-21', 65, 2, 'HAV/EDI', 'PERMINTAAN BARANG', 1),
(1485, '2022-07-21', 370, 1, 'LAB QA/DHENY', 'TUKAR GULING', 1),
(1486, '2022-07-21', 359, 1, 'WHS/SITI', 'TUKAR GULING', 1),
(1487, '2022-07-21', 29, 1, 'SATPAM/BU SUSI', 'PERMINTAN BARANG', 1),
(1488, '2022-07-21', 15, 1, 'SATPAM/BU SUSI', 'UKAR GULING', 1),
(1489, '2022-07-19', 233, 4, 'WHS/EGI', 'TUKAR GULING', 1),
(1490, '2022-07-21', 184, 4, 'PPIC/PUTRI', 'TUKAR GULING', 1),
(1491, '2022-07-21', 185, 2, 'PPIC/PUTRI', 'TUKAR GULING', 1),
(1492, '2022-07-21', 250, 1, 'HAV/GENTA', 'TUKAR GULING', 1),
(1493, '2022-07-21', 188, 1, 'PP/HIDAYATULOH', 'TUKAR GULING', 1),
(1494, '2022-07-21', 9, 1, 'HAV/AJAT', 'PERMINTAAN BARANG', 1),
(1495, '2022-07-21', 187, 1, 'LAB QA/DENI', 'TUKAR GULING', 1),
(1496, '2022-07-21', 309, 1, 'HAV', 'TUKAR GULING', 1),
(1497, '2022-07-21', 11, 1, 'PP/SANDIA', 'TUKAR GULING', 1),
(1498, '2022-07-21', 25, 1, 'WHS/SELLA', 'TUKAR GULING', 1),
(1499, '2022-07-21', 45, 1, 'NPD/PAK MUSTOFA', 'PERMINTAAN BARANG', 1),
(1500, '2022-07-21', 226, 2, 'WKS/ADAM', 'PERMINTAAN BARANG', 1),
(1501, '2022-07-21', 232, 1, 'WKS/ADAM', 'TUKAR GULING', 1),
(1502, '2022-07-21', 265, 1, 'QA/DIKI', 'TUKAR GULING', 1),
(1503, '2022-07-20', 232, 3, 'PP/PUTRI', 'TUKAR GULING', 1),
(1504, '2022-07-21', 371, 1, 'PP/PUTRI', 'TUKAR GULING', 1),
(1505, '2022-07-21', 230, 3, 'PP/PUTRI', 'PERMINTAAN BARANG', 1),
(1506, '2022-07-19', 317, 1, 'ENG/ASEP', 'TUKAR GULING', 1),
(1507, '2022-07-21', 4, 2, 'ENG/AGUNG', 'PERMINTAAN BARANG', 1),
(1508, '2022-07-21', 4, 1, 'STAP PPC/FEBRI', 'PERMINTAAN BARANG', 1),
(1509, '2022-07-20', 11, 1, 'LEADEER CUTTING/NOCKDIAN', 'TUKAR GULING', 1),
(1510, '2022-07-21', 259, 4, 'QQA/DIKI', 'TUKAR GULING', 1),
(1511, '2022-07-21', 265, 1, 'QA/DIKI', 'TUKAR GULING', 1),
(1512, '2022-07-21', 257, 3, 'QA/DIKI', 'TUKAR GULING', 1),
(1513, '2022-07-21', 232, 6, 'WHS/EGI', 'TUKAR GULING', 1),
(1514, '2022-07-21', 257, 1, 'QA/HERMAN', 'TUKAR GULING', 1),
(1515, '2022-07-19', 290, 5, 'SND/SANDI', 'TUKAR GULING', 1),
(1516, '2022-07-21', 442, 1, 'IT/JUL', 'TUKAR GULING', 1),
(1517, '2022-07-15', 37, 3, 'QA/HERMAN', 'PERMINTAAN BARANG', 1),
(1518, '2022-07-21', 241, 1, 'WHS/SITI', 'TUKAR GULING', 1),
(1519, '2022-07-21', 61, 2, 'WHS/SITI', 'TUKAR GULING', 1),
(1520, '2022-07-21', 45, 1, 'WHS/SITI', 'TUKAR GULING', 1),
(1521, '2022-07-21', 175, 1, 'WHS/SITI', 'TUKAR GULING', 1),
(1522, '2022-07-21', 177, 1, 'WHS/SITI', 'TUKAR GULING', 1),
(1523, '2022-07-21', 180, 1, 'WHS/SITI', 'TUKAR GULING', 1),
(1524, '2022-07-21', 189, 2, 'HAV/DENI', 'TUKAR GULING', 1),
(1526, '2022-07-21', 225, 5, 'HAV/DENI', 'PERMINTAAN BARANG', 1),
(1527, '2022-07-21', 228, 2, 'HAV/DENI', 'PERMINTAAN BARANG', 1),
(1528, '2022-07-21', 231, 3, 'PP/ALI', 'PERMINTAAN BARANG', 1),
(1529, '2022-07-21', 65, 1, 'PP/LUTHFIYAH', 'PERMINTAAN BARANG', 1),
(1530, '2022-07-21', 69, 1, 'PP/LUTHFIYAH NUR', 'PERMINTAAN BARANG', 1),
(1531, '2022-07-21', 250, 1, 'ITEC/RIZKA', 'TUKAR GULNG', 1),
(1532, '2022-07-22', 69, 3, 'PP/PUTRI', 'PERMINTAAN BARANG', 1),
(1533, '2022-07-21', 233, 4, 'SND/SANDI', 'TUKAR GULING', 1),
(1534, '2022-07-21', 230, 5, 'SND/SANDI', 'PERMINTAAN BARANG', 1),
(1535, '2022-07-22', 229, 5, 'SND/SANDI', 'PERMINTAAN BARANG', 1),
(1536, '2022-07-21', 228, 5, 'SND/SANDI', 'PERMINTAAN BARANG', 1),
(1537, '2022-07-21', 227, 5, 'SND/SANDI', 'PERMINTAAN BARANG', 1),
(1538, '2022-07-21', 226, 5, 'SND/SANDI', 'PERMINTAAN BARANG', 1),
(1539, '2022-07-21', 411, 1, 'ENG/KHOERUL', 'TUKAR GULING', 1),
(1540, '2022-07-22', 45, 1, 'ENG/AGUNG', 'TUKAR GULING', 1),
(1541, '2022-07-20', 254, 1, 'PP/SANDIA', 'TUKAR GULING', 1),
(1542, '2022-07-22', 45, 3, 'ENG/KHOERUL', 'TUKAR GULING', 1),
(1543, '2022-07-22', 191, 2, 'ENG/KHOERUL', 'TUKAR GULING', 1),
(1544, '2022-07-22', 265, 3, 'QA/SANDI', 'TUKAR GULING', 1),
(1545, '2022-07-22', 3, 20, 'QA/GINA', 'PERMINTAAN BARANG', 1),
(1546, '2022-07-22', 64, 2, 'UTILITY/DADANG', 'TUKAR GULING', 1),
(1547, '2022-07-22', 233, 1, 'HAV/JANA', 'TUKAR GULING', 1),
(1548, '2022-07-22', 366, 30, 'ENG/FAJAR', 'IDM', 1),
(1549, '2022-07-22', 365, 15, 'ENG/FAJAR', 'IDM', 1),
(1550, '2022-07-20', 163, 1, 'PP/SANDIA', 'TUKAR GULING', 1),
(1551, '2022-07-20', 247, 4, 'PP/SANDIA', 'TUKAR GULING', 1),
(1552, '2022-07-20', 309, 1, 'PP/SANDIA', 'TUKAR GULING', 1),
(1553, '2022-07-21', 247, 3, 'PP/LUTHFIYAH', 'TUKAR GULING', 1),
(1554, '2022-07-21', 380, 1, 'PP/LUTHFIYAH', 'TUKAR GULING', 1),
(1555, '2022-07-21', 252, 1, 'PP/LUTHFIYAH', 'TUKAR GULING', 1),
(1556, '2022-07-21', 249, 1, 'PP/LUTHFIYAH', 'TUKAR GULING', 1),
(1557, '2022-07-20', 189, 3, 'HAV/DENI', 'TUKAR GULING', 1),
(1558, '2022-07-20', 228, 2, 'HAV/DENI', 'PERMINTAAN BARANG', 1),
(1559, '2022-07-20', 225, 5, 'HAV/DENI', 'PERMINTAAN BARANG', 1),
(1560, '2022-07-20', 226, 15, 'TF STT', 'PERMINTAAN BARANG', 1),
(1561, '2022-07-20', 228, 10, 'TF STT', 'PERMINTAAN BARANG', 1),
(1562, '2022-07-20', 293, 4, 'TF STT', 'PERMINTAAN BARANG', 1),
(1563, '2022-07-20', 42, 300, 'TF STT', 'PERMINTAAN BARANG', 1),
(1564, '2022-07-19', 241, 2, 'WHS/SITI', 'TUKAAR GULING', 1),
(1565, '2022-07-19', 243, 3, 'WHS/SITI', 'TUKAR GULING', 1),
(1566, '2022-07-19', 45, 1, 'WHS/SITI', 'TUKAR GULING', 1),
(1567, '2022-07-19', 180, 2, 'WHS/SITI', 'TUKAR GULING', 1),
(1568, '2022-07-19', 61, 3, 'WHS/SITI', 'TUKAR GULING', 1),
(1569, '2022-07-21', 264, 9, 'TF RADITA YUDA', 'TUKAR GULING', 1),
(1570, '2022-07-21', 265, 8, 'TF RADITA YUDA', 'TUKAR GULING', 1),
(1571, '2022-07-21', 259, 2, 'TF RADITA YUDA', 'TUKAR GULING', 1),
(1572, '2022-07-21', 257, 8, 'TF RADITA YUDA', 'TUKAR GULING', 1),
(1573, '2022-07-21', 256, 8, 'TF RADITA YUDA', 'TUKAR GULING', 1),
(1574, '2022-07-21', 247, 5, 'TF RADITA YUDA', 'TUKAR GULING', 1),
(1575, '2022-07-21', 48, 1, 'TF RADITA YUDA', 'TUKAR GULING', 1),
(1576, '2022-07-21', 252, 2, 'TF RADITA YUDA', 'TUKAR GULING', 1),
(1577, '2022-07-21', 380, 2, 'TF RADITA YUDA', 'TUKAR GULING', 1),
(1578, '2022-07-21', 262, 3, 'TF RADITA YUDA', 'TKG', 1),
(1579, '2022-07-21', 248, 1, 'TF RADITA YUDA', 'TKG', 1),
(1580, '2022-07-21', 191, 2, 'TF RADITA YUDA', 'TKG', 1),
(1581, '2022-07-21', 188, 1, 'TF RADITA YUDA', 'TKG', 1),
(1582, '2022-07-21', 189, 1, 'TF RADITA YUDA', 'TKG', 1),
(1583, '2022-07-21', 15, 1, 'TF RADITA YUDA', 'TKG', 1),
(1584, '2022-07-21', 317, 1, 'TF RADITA YUDA', 'TKG', 1),
(1585, '2022-07-21', 38, 1, 'TF RADITA YUDA', 'TKG', 1),
(1586, '2022-07-22', 163, 2, 'OFFICE PRODUKSI', 'TUKAR GULING', 1),
(1587, '2022-07-21', 259, 8, 'TF ALMUFTI', 'TUKAR GULING', 1),
(1588, '2022-07-21', 258, 1, 'TF ALMUFTI', 'TKG', 1),
(1590, '2022-07-21', 256, 2, 'TF ALMUFTI', 'TKG', 1),
(1591, '2022-07-21', 188, 1, 'TF ALMUFTI', 'TKG', 1),
(1592, '2022-07-21', 48, 1, 'TF ANGKASA', 'TKG', 1),
(1593, '2022-07-21', 259, 7, 'TF ANGKASA', 'TKG', 1),
(1594, '2022-07-21', 256, 3, 'TF ANGKASA', 'TKG', 1),
(1595, '2022-07-21', 265, 1, 'TF ANGKASA', 'TUKAR GULING', 1),
(1597, '2022-07-21', 163, 1, 'TF ANGKKASA', 'TKG', 1),
(1598, '2022-07-21', 259, 3, 'TF STT', 'TKG', 1),
(1599, '2022-07-21', 256, 3, 'TF STT', 'TUKAR GULING', 1),
(1600, '2022-07-21', 375, 20, 'TF STT', 'TKG', 1),
(1601, '2022-07-21', 259, 4, 'TF STT', 'TUKAR GULING', 1),
(1602, '2022-07-21', 257, 1, 'TF STT', 'TKG', 1),
(1603, '2022-07-21', 163, 1, 'TF STT', 'TUKAR GULING', 1),
(1604, '2022-07-22', 289, 1, 'PP/RIPKI', 'TUKAR GULING', 1),
(1605, '2022-07-21', 309, 1, 'TF STT', 'TUKAR GULING', 1),
(1606, '2022-07-21', 309, 1, 'HAV/AHMAD', 'TUKAR GULING', 1),
(1607, '2022-07-22', 257, 1, 'QA/NINA', 'TUKAR GULING', 1),
(1608, '2022-07-19', 191, 2, 'WKS/BAMBANG', 'TUKAR GULING', 1),
(1609, '2022-07-22', 365, 3, 'QA/ADIT', 'PERMINTAAN BARANG', 1),
(1610, '2022-07-22', 257, 1, 'WKS/ADAM', 'TUKAR GULING', 1),
(1611, '2022-07-22', 440, 1, 'WKS/PAK USMAN', 'IDM', 1),
(1612, '2022-07-15', 189, 2, 'HAV/ASEP TENGKU', 'TUKAR GULING', 1),
(1613, '2022-07-22', 441, 50, 'WKS/ROBI', 'IDM', 1),
(1614, '2022-07-21', 290, 1, 'GA/UUS', 'PERMINTAAN BARANG', 1),
(1616, '2022-07-22', 417, 2, '-', 'KESALAHAN INPUT', 1),
(1617, '2022-07-22', 219, 6, 'CS/RANGGA', 'PERMINTAAN BARANG', 1),
(1618, '2022-07-22', 227, 2, 'ITEC/WILDAN', 'PERMINTAAN BARANG', 1),
(1619, '2022-07-22', 65, 2, 'HAV/RIMA', 'PERMINTAAN BARANG', 1),
(1620, '2022-07-22', 262, 1, 'HAV/RIMA', 'TUKAR GLING', 1),
(1621, '2022-07-22', 61, 4, 'WHS/SITI', 'TUKAR GULING', 1),
(1622, '2022-07-22', 226, 1, 'SND/PAK EDI', 'PERMINTAAN BARANG', 1),
(1623, '2022-07-22', 65, 2, 'PP/PUTRI', 'PERMINTAAN BARANG', 1),
(1624, '2022-07-22', 225, 5, 'HAV/DENI', 'PERMINTAAN BARANG', NULL),
(1625, '2022-07-22', 228, 2, 'HAV/DENI', 'PERMINTAAN BARANG', NULL),
(1626, '2022-07-22', 189, 1, 'HAV/DENI', 'TUKAR GULING', NULL);
INSERT INTO `tbl_transaksi_keluar` (`pk_transaksi_keluar_id`, `tanggal`, `id_barang`, `jumlah_keluar`, `pic_penerima`, `note`, `status`) VALUES
(1627, '2022-07-22', 247, 4, 'PP/DALIKA', 'TUKAR GULING', NULL),
(1628, '2022-07-22', 249, 1, 'PP/DALIKA', 'TUKAR GULING', NULL),
(1629, '2022-07-22', 1, 2, 'PP/DALIKA', 'TUKAR GULING', NULL),
(1630, '2022-07-22', 380, 2, 'PP/DALIKA', 'TUKAR GULING', NULL);

-- --------------------------------------------------------

--
-- Struktur dari tabel `tbl_transaksi_masuk`
--

CREATE TABLE `tbl_transaksi_masuk` (
  `pk_transaksi_masuk_id` int(11) NOT NULL,
  `tanggal` date DEFAULT NULL,
  `surat_jalan` varchar(50) NOT NULL,
  `id_barang` int(11) DEFAULT NULL,
  `jumlah_masuk` int(11) DEFAULT NULL
) ENGINE=InnoDB DEFAULT CHARSET=utf8mb4;

--
-- Dumping data untuk tabel `tbl_transaksi_masuk`
--

INSERT INTO `tbl_transaksi_masuk` (`pk_transaksi_masuk_id`, `tanggal`, `surat_jalan`, `id_barang`, `jumlah_masuk`) VALUES
(1, '2022-06-19', '-', 72, 3),
(2, '2022-06-19', '-', 73, 9),
(3, '2022-06-19', '-', 74, 7),
(4, '2022-06-19', '-', 75, 0),
(5, '2022-06-19', '-', 76, 0),
(6, '2022-06-19', '-', 77, 17),
(7, '2022-06-19', '-', 78, 18),
(8, '2022-06-19', '-', 79, 8),
(9, '2022-06-19', '-', 80, 14),
(10, '2022-06-19', '-', 81, 1),
(11, '2022-06-19', '-', 82, 10),
(12, '2022-06-19', '-', 320, 6),
(13, '2022-06-19', '-', 83, 12),
(14, '2022-06-19', '-', 84, 12),
(15, '2022-06-19', '-', 85, 12),
(16, '2022-06-19', '-', 86, 15),
(17, '2022-06-19', '-', 87, 15),
(18, '2022-06-19', '-', 88, 15),
(19, '2022-06-19', '-', 89, 14),
(20, '2022-06-19', '-', 90, 15),
(21, '2022-06-19', '-', 91, 16),
(22, '2022-06-19', '-', 92, 0),
(23, '2022-06-19', '-', 93, 16),
(24, '2022-06-19', '-', 94, 12),
(25, '2022-06-19', '-', 95, 0),
(26, '2022-06-19', '-', 96, 4),
(27, '2022-06-19', '-', 97, 14),
(28, '2022-06-19', '-', 98, 7),
(29, '2022-06-19', '-', 99, 2),
(30, '2022-06-19', '-', 101, 10),
(31, '2022-06-19', '-', 100, 12),
(32, '2022-06-19', '-', 102, 13),
(33, '2022-06-19', '-', 103, 0),
(34, '2022-06-19', '-', 104, 13),
(35, '2022-06-19', '-', 105, 22),
(36, '2022-06-19', '-', 106, 17),
(37, '2022-06-19', '-', 107, 17),
(38, '2022-06-19', '-', 108, 0),
(39, '2022-06-19', '-', 109, 3),
(40, '2022-06-19', '-', 97, 14),
(41, '2022-06-19', '-', 111, 9),
(42, '2022-06-19', '-', 112, 2),
(43, '2022-06-19', '-', 113, 20),
(44, '2022-06-19', '-', 114, 18),
(45, '2022-06-19', '-', 107, 16),
(46, '2022-06-19', '-', 116, 0),
(47, '2022-06-19', '-', 118, 13),
(48, '2022-06-19', '-', 117, 2),
(49, '2022-06-19', '-', 321, 12),
(50, '2022-06-19', '-', 119, 30),
(51, '2022-06-19', '-', 120, 0),
(52, '2022-06-19', '-', 121, 145),
(53, '2022-06-19', '-', 122, 118),
(54, '2022-06-19', '-', 123, 80),
(55, '2022-06-19', '-', 124, 199),
(56, '2022-06-19', '-', 125, 299),
(57, '2022-06-19', '-', 126, 222),
(58, '2022-06-19', '-', 322, 6),
(59, '2022-06-19', '-', 323, 6),
(60, '2022-06-19', '-', 324, 20),
(61, '2022-06-19', '-', 127, 134),
(62, '2022-06-19', '-', 128, 0),
(63, '2022-06-19', '-', 129, 0),
(64, '2022-06-19', '-', 131, 10),
(65, '2022-06-19', '-', 130, 14),
(66, '2022-06-19', '-', 132, 5),
(67, '2022-06-19', '-', 133, 2),
(68, '2022-06-19', '-', 135, 21),
(69, '2022-06-19', '-', 134, 23),
(70, '2022-06-19', '-', 136, 2),
(71, '2022-06-19', '-', 137, 6),
(72, '2022-06-19', '-', 139, 2),
(73, '2022-06-19', '-', 138, 7),
(74, '2022-06-19', '-', 141, 3),
(75, '2022-06-19', '-', 142, 1),
(76, '2022-06-19', '-', 143, 4),
(77, '2022-06-19', '-', 144, 4),
(78, '2022-06-19', '-', 145, 3),
(79, '2022-06-19', '-', 146, 3),
(80, '2022-06-19', '-', 147, 2),
(81, '2022-06-19', '-', 148, 2),
(82, '2022-06-19', '-', 149, 3),
(83, '2022-06-19', '-', 150, 4),
(84, '2022-06-19', '-', 151, 0),
(85, '2022-06-19', '-', 152, 0),
(86, '2022-06-19', '-', 155, 4),
(87, '2022-06-19', '-', 154, 5),
(88, '2022-06-19', '-', 153, 28),
(89, '2022-06-19', '-', 156, 13),
(90, '2022-06-19', '-', 158, 2),
(91, '2022-06-19', '-', 157, 5),
(92, '2022-06-19', '-', 325, 0),
(93, '2022-06-19', '-', 326, 2),
(94, '2022-06-19', '-', 327, 2),
(95, '2022-06-19', '-', 328, 0),
(97, '2022-06-19', '-', 330, 2),
(98, '2022-06-19', '-', 329, 0),
(99, '2022-06-19', '-', 331, 2),
(100, '2022-06-19', '-', 332, 0),
(101, '2022-06-19', '-', 335, 2),
(102, '2022-06-19', '-', 336, 4),
(103, '2022-06-19', '-', 337, 1),
(104, '2022-06-19', '-', 343, 2),
(105, '2022-06-19', '-', 342, 1),
(106, '2022-06-19', '-', 344, 1),
(107, '2022-06-19', '-', 345, 2),
(108, '2022-06-19', '-', 349, 4),
(109, '2022-06-19', '-', 350, 5),
(110, '2022-06-19', '-', 351, 6),
(111, '2022-06-19', '-', 352, 6),
(112, '2022-06-19', '-', 214, 10),
(113, '2022-06-19', '-', 215, 15),
(114, '2022-06-19', '-', 216, 3),
(115, '2022-06-19', '-', 217, 200),
(116, '2022-06-19', '-', 218, 1),
(117, '2022-06-19', '-', 219, 4),
(118, '2022-06-19', '-', 220, 150),
(119, '2022-06-19', '-', 222, 2),
(120, '2022-06-19', '-', 223, 2),
(121, '2022-06-19', '-', 224, 3),
(122, '2022-06-19', '-', 225, 50),
(123, '2022-06-19', '-', 231, 25),
(124, '2022-06-19', '-', 273, 18),
(125, '2022-06-19', '-', 272, 4),
(126, '2022-06-19', '-', 271, 3),
(127, '2022-06-19', '-', 270, 5),
(128, '2022-06-19', '-', 269, 4),
(130, '2022-06-19', '-', 264, 49),
(131, '2022-06-19', '-', 265, 33),
(132, '2022-06-19', '-', 268, 1),
(133, '2022-06-19', '-', 261, 12),
(134, '2022-06-19', '-', 263, 16),
(135, '2022-06-19', '-', 259, 69),
(137, '2022-06-19', '-', 262, 33),
(138, '2022-06-19', '-', 258, 36),
(139, '2022-06-19', '-', 257, 46),
(140, '2022-06-19', '-', 256, 93),
(141, '2022-06-19', '-', 255, 10),
(142, '2022-06-19', '-', 254, 20),
(143, '2022-06-19', '-', 252, 5),
(144, '2022-06-19', '-', 251, 8),
(146, '2022-06-19', '-', 249, 10),
(147, '2022-06-19', '-', 248, 53),
(148, '2022-06-19', '-', 247, 17),
(149, '2022-06-19', '-', 246, 13),
(150, '2022-06-19', '-', 242, 31),
(151, '2022-06-19', '-', 243, 9),
(152, '2022-06-19', '-', 241, 26),
(153, '2022-06-19', '-', 240, 3),
(154, '2022-06-19', '-', 239, 2),
(155, '2022-06-19', '-', 238, 3),
(156, '2022-06-19', '-', 237, 5),
(157, '2022-06-19', '-', 236, 3),
(158, '2022-06-19', '-', 236, 1),
(159, '2022-06-19', '-', 235, 7),
(160, '2022-06-19', '-', 232, 10),
(161, '2022-06-19', '-', 233, 8),
(162, '2022-06-19', '-', 234, 125),
(163, '2022-06-19', '-', 1, 6),
(164, '2022-06-19', '-', 3, 120),
(165, '2022-06-19', '-', 4, 77),
(166, '2022-06-19', '-', 6, 1),
(167, '2022-06-19', '-', 7, 6),
(168, '2022-06-19', '-', 9, 1),
(169, '2022-06-19', '-', 10, 3),
(170, '2022-06-19', '-', 11, 20),
(171, '2022-06-19', '-', 12, 21),
(172, '2022-06-19', '-', 13, 25),
(173, '2022-06-19', '-', 14, 10),
(174, '2022-06-19', '-', 218, 2),
(175, '2022-06-19', '-', 15, 3),
(176, '2022-06-19', '-', 17, 11),
(177, '2022-06-19', '-', 18, 13),
(178, '2022-06-19', '-', 60, 12),
(179, '2022-06-19', '-', 59, 14),
(180, '2022-06-19', '-', 58, 1),
(181, '2022-06-19', '-', 57, 4),
(182, '2022-06-19', '-', 56, 9),
(183, '2022-06-19', '-', 346, 11),
(184, '2022-06-19', '-', 347, 10),
(185, '2022-06-19', '-', 55, 14),
(186, '2022-06-19', '-', 54, 7),
(187, '2022-06-19', '-', 53, 17),
(188, '2022-06-19', '-', 52, 11),
(189, '2022-06-19', '-', 51, 1),
(190, '2022-06-19', '-', 45, 6),
(191, '2022-06-19', '-', 46, 4),
(192, '2022-06-19', '-', 225, 10),
(194, '2022-06-19', '-', 230, 60),
(195, '2022-06-19', '-', 229, 48),
(196, '2022-06-19', '-', 228, 66),
(197, '2022-06-19', '-', 227, 89),
(198, '2022-06-19', '-', 226, 77),
(199, '2022-06-19', '-', 48, 18),
(200, '2022-06-19', '-', 44, 5),
(201, '2022-06-19', '-', 61, 60),
(202, '2022-06-19', '-', 19, 4),
(203, '2022-06-19', '-', 20, 7),
(204, '2022-06-19', '-', 62, 10),
(205, '2022-06-19', '-', 21, 7),
(206, '2022-06-19', '-', 22, 9),
(207, '2022-06-19', '-', 63, 34),
(208, '2022-06-19', '-', 23, 6),
(209, '2022-06-19', '-', 65, 30),
(210, '2022-06-19', '-', 66, 11),
(211, '2022-06-19', '-', 43, 2),
(212, '2022-06-19', '-', 42, 1900),
(213, '2022-06-19', '-', 41, 7),
(214, '2022-06-19', '-', 67, 4),
(215, '2022-06-19', '-', 25, 9),
(216, '2022-06-19', '-', 69, 45),
(217, '2022-06-19', '-', 355, 25),
(218, '2022-06-19', '-', 26, 22),
(219, '2022-06-19', '-', 354, 43),
(220, '2022-06-19', '-', 27, 16),
(221, '2022-06-19', '-', 28, 7),
(222, '2022-06-19', '-', 29, 1),
(223, '2022-06-19', '-', 30, 6),
(224, '2022-06-19', '-', 31, 10),
(225, '2022-06-19', '-', 70, 150),
(226, '2022-06-19', '-', 32, 8),
(227, '2022-06-19', '-', 164, 14),
(228, '2022-06-19', '-', 33, 3),
(229, '2022-06-19', '-', 34, 3),
(230, '2022-06-19', '-', 35, 3),
(231, '2022-06-19', '-', 167, 1),
(232, '2022-06-19', '-', 36, 3),
(234, '2022-06-19', '-', 39, 2),
(235, '2022-06-19', '-', 159, 3),
(236, '2022-06-19', '-', 38, 9),
(237, '2022-06-19', '-', 166, 6),
(238, '2022-06-19', '-', 287, 10),
(239, '2022-06-19', '-', 288, 2),
(240, '2022-06-19', '-', 289, 11),
(241, '2022-06-19', '-', 290, 26),
(242, '2022-06-19', '-', 291, 4),
(243, '2022-06-19', '-', 292, 51),
(244, '2022-06-19', '-', 293, 39),
(245, '2022-06-19', '-', 160, 2),
(246, '2022-06-19', '-', 294, 62),
(247, '2022-06-19', '-', 295, 18),
(248, '2022-06-19', '-', 161, 2),
(249, '2022-06-19', '-', 162, 2),
(250, '2022-06-19', '-', 163, 13),
(251, '2022-06-19', '-', 165, 2),
(252, '2022-06-19', '-', 296, 3),
(253, '2022-06-19', '-', 170, 2),
(254, '2022-06-19', '-', 297, 2),
(255, '2022-06-19', '-', 171, 8),
(256, '2022-06-19', '-', 244, 11),
(257, '2022-06-19', '-', 298, 3),
(258, '2022-06-19', '-', 172, 4),
(259, '2022-06-19', '-', 317, 8),
(260, '2022-06-19', '-', 173, 1),
(261, '2022-06-19', '-', 313, 1),
(262, '2022-06-19', '-', 174, 3),
(264, '2022-06-19', '-', 311, 3),
(265, '2022-06-19', '-', 175, 10),
(266, '2022-06-19', '-', 310, 14),
(267, '2022-06-19', '-', 177, 10),
(268, '2022-06-19', '-', 176, 11),
(269, '2022-06-19', '-', 187, 4),
(270, '2022-06-19', '-', 179, 26),
(271, '2022-06-19', '-', 180, 14),
(272, '2022-06-19', '-', 181, 10),
(273, '2022-06-19', '-', 182, 26),
(274, '2022-06-19', '-', 183, 19),
(275, '2022-06-19', '-', 184, 15),
(276, '2022-06-19', '-', 186, 8),
(277, '2022-06-19', '-', 185, 5),
(278, '2022-06-19', '-', 188, 38),
(279, '2022-06-19', '-', 189, 30),
(280, '2022-06-19', '-', 356, 5),
(281, '2022-06-19', '-', 359, 6),
(282, '2022-06-19', '-', 191, 7),
(283, '2022-06-19', '-', 357, 6),
(284, '2022-06-19', '-', 192, 4),
(285, '2022-06-19', '-', 358, 3),
(286, '2022-06-19', '-', 194, 2),
(287, '2022-06-19', '-', 360, 5),
(288, '2022-06-19', '-', 202, 1),
(289, '2022-06-19', '-', 361, 5),
(290, '2022-06-19', '-', 205, 2),
(291, '2022-06-19', '-', 362, 4),
(292, '2022-06-19', '-', 363, 3),
(293, '2022-06-19', '-', 206, 8),
(294, '2022-06-19', '-', 207, 17),
(295, '2022-06-19', '-', 208, 1),
(296, '2022-06-19', '-', 307, 7),
(297, '2022-06-19', '-', 209, 1),
(298, '2022-06-19', '-', 210, 4),
(299, '2022-06-19', '-', 364, 10),
(300, '2022-06-19', '-', 213, 14),
(301, '2022-06-19', '-', 308, 4),
(302, '2022-06-19', '-', 309, 2),
(303, '2022-06-19', '-', 212, 2),
(304, '2022-06-19', '-', 211, 4),
(305, '2022-06-19', '-', 366, 123),
(306, '2022-06-19', '-', 365, 63),
(307, '2022-06-19', '-', 367, 64),
(308, '2022-06-19', '-', 368, 39),
(309, '2022-06-19', '-', 369, 168),
(310, '2022-06-19', '-', 370, 62),
(311, '2022-06-17', 'TO-PTI2206013', 221, 4),
(312, '2022-06-19', '-', 371, 6),
(313, '2022-06-21', 'TO-PTI2206014', 219, 10),
(314, '2022-06-21', 'TO-PTI2206014', 9, 4),
(315, '2022-06-21', 'TO-PTI2206014', 290, 20),
(316, '2022-06-21', 'TO-PTI2206014', 15, 7),
(317, '2022-06-21', 'TO-PTI2206014', 252, 10),
(318, '2022-06-21', 'TO-PTI2206014', 309, 5),
(319, '2022-06-21', 'TO-PTI2206014', 372, 2),
(320, '2022-06-21', 'TO-PTI2206014', 373, 1),
(321, '2022-06-21', 'TO-PTI2206014', 64, 1),
(322, '2022-06-21', 'TO-PTI2206014', 19, 5),
(323, '2022-06-21', 'TO-PTI2206014', 46, 5),
(324, '2022-06-21', 'TO-PTI2206014', 33, 5),
(325, '2022-06-21', 'TO-PTI2206014', 57, 3),
(326, '2022-06-21', 'TO-PTI2206014', 374, 1),
(327, '2022-06-21', 'TO-PTI2206014', 40, 3),
(328, '2022-06-21', 'TO-PTI2206014', 39, 4),
(329, '2022-06-21', 'TO-PTI2206014', 51, 1),
(330, '2022-06-21', 'TO-PTI2206014', 45, 15),
(331, '2022-06-21', 'TO-PTI2206014', 58, 1),
(332, '2022-06-21', 'TO-PTI2206014', 187, 3),
(333, '2022-06-21', 'TO-PTI2206014', 67, 1),
(334, '2022-06-21', 'TO-PTI2206014', 54, 80),
(335, '2022-06-21', 'TO-PTI2206014', 58, 1),
(336, '2022-06-21', 'TO-PTI2206014', 29, 8),
(337, '2022-06-21', 'TO-PTI2206014', 371, 12),
(338, '2022-06-19', '-', 376, 60),
(339, '2022-06-19', '-', 375, 180),
(340, '2022-06-22', 'DN051/NR/PTI/0622', 128, 200),
(341, '2022-06-22', 'DN051/NR/PTI/0622', 129, 30),
(342, '2022-06-22', 'DN050/NR/PTI/0622', 378, 2),
(343, '2022-06-22', 'DN052/NR/PTI/0622', 377, 5),
(344, '2022-06-21', 'TO-PTI2206016', 173, 4),
(345, '2022-06-21', 'TO-PTI2206016', 202, 2),
(346, '2022-06-21', 'TO-PTI2206016', 191, 15),
(347, '2022-06-21', 'TO-PTI2206016', 185, 10),
(348, '2022-06-21', 'TO-PTI2206016', 163, 20),
(349, '2022-06-21', 'TO-PTI2206016', 259, 60),
(350, '2022-06-21', 'TO-PTI2206016', 260, 24),
(351, '2022-06-21', 'TO-PTI2206016', 379, 20),
(352, '2022-06-23', '-', 205, 1),
(353, '2022-06-19', '-', 380, 11),
(354, '2022-06-23', 'TO-PTI2206016', 156, 4),
(362, '2022-06-27', '-', 47, 1),
(363, '2022-06-27', 'DN060/NR/PTI/0622', 382, 2),
(364, '2022-06-27', 'DN060/NR/PTI/0622', 381, 1),
(365, '2022-06-27', '-', 383, 2),
(366, '2022-06-27', 'DN059/NR/PTI/0622', 386, 4),
(367, '2022-06-27', 'DN059/NR/PTI/0622', 384, 4),
(368, '2022-06-27', '-', 387, 1),
(369, '2022-06-28', '-', 17, 1),
(370, '2022-06-28', '-', 388, 2),
(371, '2022-06-28', 'TO-PTI2206017', 48, 7),
(372, '2022-06-28', 'TO-PTI2206018', 67, 6),
(373, '2022-06-28', 'TO-PTI2206019', 65, 40),
(374, '2022-06-28', 'TO-PTI2206019', 69, 40),
(375, '2022-06-28', 'TO-PTI2206019', 231, 25),
(376, '2022-06-28', 'TO-PTI2206019', 229, 25),
(377, '2022-06-28', 'TO-PTI2206019', 228, 50),
(378, '2022-06-28', 'TO-PTI2206019', 226, 50),
(379, '2022-06-28', 'TO-PTI2206019', 233, 10),
(380, '2022-06-28', 'TO-PTI2206019', 247, 24),
(381, '2022-06-28', 'TO-PTI2206019', 250, 5),
(382, '2022-06-28', 'TO-PTI2206019', 312, 40),
(383, '2022-06-28', '007/SJ/NRM/0622', 389, 1500),
(384, '2022-06-28', '007/SJ/NRM/0622', 390, 1500),
(385, '2022-06-28', '007/SJ/NRM/0622', 391, 2),
(386, '2022-06-28', 'TO-PTI2206019', 3, 200),
(387, '2022-06-28', 'TO-PTI2206019', 288, 2),
(388, '2022-06-28', 'TO-PTI2206019', 392, 2),
(389, '2022-06-28', 'TO-PTI2206019', 17, 20),
(391, '2022-06-28', 'TO-PTI2206019', 1, 6),
(392, '2022-06-28', 'TO-PTI2206019', 35, 4),
(393, '2022-06-28', 'TO-PTI2206019', 180, 20),
(394, '2022-06-28', 'TO-PTI2206019', 186, 10),
(395, '2022-06-28', 'TO-PTI2206019', 30, 5),
(396, '2022-06-28', 'TO-PTI2206019', 188, 25),
(397, '2022-06-28', 'TO-PTI2206019', 265, 36),
(398, '2022-06-28', 'TO-PTI2206019', 264, 36),
(399, '2022-06-28', 'TO-PTI2206019', 61, 40),
(400, '2022-06-28', 'TO-PTI2206019', 317, 10),
(401, '2022-06-28', 'TO-PTI2206019', 311, 1),
(402, '2022-06-28', 'TO-PTI2206019', 4, 100),
(403, '2022-06-28', 'TO-PTI2206019', 353, 5),
(404, '2022-06-28', 'TO-PTI2206019', 45, 4),
(405, '2022-06-28', 'TO-PTI2206019', 189, 10),
(406, '2022-06-28', 'TO-PTI2206019', 54, 18),
(407, '2022-06-28', 'TO-PTI2206020', 223, 2),
(408, '2022-06-28', 'TK-PTI2206001', 31, 15),
(409, '2022-06-28', 'TO-KIN2206424', 393, 2),
(410, '2022-06-28', 'TO-KIN2206424', 394, 2),
(411, '2022-06-28', 'TO-KIN2206424', 395, 2),
(412, '2022-06-28', 'TO-KIN2206424', 396, 2),
(413, '2022-06-28', 'TO-KIN2206424', 397, 2),
(414, '2022-06-28', 'TO-KIN2206424', 398, 2),
(415, '2022-06-28', 'TO-KIN2206424', 399, 2),
(416, '2022-06-28', 'TO-KIN2206424', 389, 300),
(417, '2022-06-28', 'TO-KIN2206424', 390, 300),
(419, '2022-06-29', '-', 400, 9),
(420, '2022-06-29', '-', 260, 21),
(421, '2022-06-29', 'TO-PTI2206021', 219, 10),
(422, '2022-06-29', 'TO-PTI2206021', 196, 10),
(423, '2022-06-29', 'TO-PTI2206021', 254, 15),
(424, '2022-06-29', 'TO-PTI2206021', 238, 3),
(426, '2022-06-29', 'TO-PTI2206021', 401, 2),
(427, '2022-06-29', 'TO-PTI2206021', 53, 20),
(428, '2022-06-29', 'TO-PTI2206021', 42, 2000),
(429, '2022-06-29', 'TO-PTI2206021', 402, 2),
(430, '2022-06-29', 'TO-PTI2206021', 9, 1),
(431, '2022-06-29', 'TO-PTI2206021', 360, 4),
(432, '2022-06-29', 'TO-PTI2206021', 363, 3),
(433, '2022-06-29', 'TO-PTI2206021', 373, 1),
(434, '2022-06-29', 'TO-PTI2206021', 51, 6),
(435, '2022-06-29', 'TO-PTI2206021', 212, 5),
(436, '2022-06-29', 'TO-PTI2206021', 403, 12),
(437, '2022-06-29', 'TO-PTI2206021', 193, 15),
(438, '2022-06-29', 'TO-PTI22060022', 17, 20),
(440, '2022-06-29', 'TO-PTI2206022', 211, 2),
(441, '2022-06-29', 'TO-KIN2206480', 404, 300),
(442, '2022-06-29', 'TO-KIN2206480', 397, 2),
(443, '2022-06-29', 'TO-KIN2206480', 405, 2),
(444, '2022-06-29', 'TO-KIN2206480', 406, 1),
(445, '2022-06-29', 'TO-KIN2206480', 407, 2),
(446, '2022-06-29', 'TO-KIN2206480', 408, 2),
(447, '2022-06-29', 'TO-KIN2206480', 409, 1),
(448, '2022-06-29', 'TO-KIN2206480', 410, 2),
(449, '2022-06-29', 'TO-PTI2206022', 243, 12),
(450, '2022-07-01', '-', 411, 6),
(451, '2022-06-19', '-', 37, 6),
(452, '2022-07-01', 'TO-PTI2207001', 243, 6),
(453, '2022-07-01', 'TO-PTI2207001', 11, 24),
(454, '2022-07-01', 'TO-PTI2207001', 45, 34),
(455, '2022-07-01', 'TO-PTI2207001', 168, 2),
(456, '2022-07-01', 'TO-PTI2207001', 163, 20),
(457, '2022-07-01', 'TO-PTI2207001', 412, 2),
(458, '2022-07-01', 'TO-PTI2207001', 189, 20),
(459, '2022-07-01', 'TO-PTI2207001', 61, 40),
(460, '2022-07-01', 'TO-PTI2207001', 221, 2),
(461, '2022-07-01', 'TO-PTI2207001', 57, 4),
(462, '2022-07-01', 'TO-PTI2207001', 64, 1),
(463, '2022-07-01', '001/SJ/NRM/0722', 417, 2),
(464, '2022-07-01', '001/SJ/NRM/0722', 418, 1),
(465, '2022-07-01', '001/SJ/NRM/0722', 419, 1),
(466, '2022-07-01', '001/SJ/NRM/0722', 420, 1),
(467, '2022-07-01', '001/SJ/NRM/0722', 421, 1),
(468, '2022-07-01', '003/SJ/PTI/0722', 413, 2),
(469, '2022-07-01', '003/SJ/NRM/0722', 414, 2),
(470, '2022-07-01', '003/SJ/NRM/0722', 415, 1),
(471, '2022-07-04', '-', 14, 10),
(472, '2022-07-04', 'DN001/NR/PTI/0722', 319, 20),
(473, '2022-07-04', 'DN002/NR/PTI/0722', 221, 4),
(474, '2022-07-05', 'TO-PTI2207002', 42, 800),
(475, '2022-07-05', 'TO-PTI2207003', 311, 5),
(476, '2022-07-05', 'TO-PTI2207003', 9, 5),
(477, '2022-07-05', 'TO-PTI2207003', 244, 10),
(478, '2022-07-05', 'TO-PTI2207003', 241, 15),
(479, '2022-07-05', 'TO-PTI2207003', 184, 5),
(480, '2022-07-05', 'TO-PTI2207003', 186, 5),
(481, '2022-07-05', 'TO-PTI2207003', 185, 5),
(482, '2022-07-05', 'TO-PTI2207003', 309, 5),
(483, '2022-07-05', 'TO-PTI2207003', 236, 5),
(484, '2022-07-05', 'TO-PTI2207003', 257, 60),
(485, '2022-07-05', 'TO-PTI2207003', 237, 3),
(486, '2022-07-05', 'TO-PTI2207003', 219, 10),
(487, '2022-07-05', 'TO-PTI2207003', 67, 2),
(488, '2022-07-05', 'TO-PTI2207003', 298, 1),
(489, '2022-07-05', 'TO-PTI2207003', 51, 3),
(490, '2022-07-06', '-', 127, 1),
(491, '2022-07-06', '001/SJ/NRM/0722', 422, 2),
(492, '2022-07-07', 'TO-PTI2207004', 65, 1),
(493, '2022-07-07', 'TO-PTI2207004', 231, 25),
(494, '2022-07-07', 'TO-PTI2207004', 230, 25),
(495, '2022-07-07', 'TO-PTI2207004', 229, 25),
(496, '2022-07-07', 'TO-PTI2207004', 228, 50),
(497, '2022-07-07', 'TO-PTI2207004', 227, 50),
(498, '2022-07-07', 'TO-PTI2207004', 226, 50),
(499, '2022-07-07', 'TO-PTI2207004', 12, 30),
(500, '2022-07-07', 'TO-PTI2207004', 34, 3),
(501, '2022-07-07', 'TO-PTI2207004', 235, 5),
(502, '2022-07-07', 'TO-PTI2207004', 45, 12),
(503, '2022-07-07', 'TO-PTI2207004', 48, 10),
(504, '2022-07-07', 'TO-PTI2207004', 67, 1),
(505, '2022-07-07', 'TO-PTI2207006', 191, 5),
(506, '2022-07-07', 'TO-PTI2207006', 193, 5),
(507, '2022-06-19', '-', 266, 25),
(508, '2022-07-07', 'TO-PTI2207006', 266, 12),
(509, '2022-07-08', 'TOKO AA', 424, 8),
(510, '2022-06-19', '-', 250, 4),
(511, '2022-07-11', '-', 2, 2),
(512, '2022-06-20', '-', 65, 11),
(513, '2022-07-11', 'TO-PTI2207016', 226, 75),
(514, '2022-07-11', 'TO-PTI2207016', 65, 50),
(515, '2022-07-11', 'TO-PTI2207016', 69, 30),
(516, '2022-07-11', 'TO-PTI2207016', 227, 25),
(517, '2022-07-11', 'TO-PTI2207016', 233, 10),
(518, '2022-07-11', 'TO-PTI2207016', 298, 1),
(519, '2022-07-11', 'TO-PTI2207016', 293, 15),
(520, '2022-07-11', 'TO-PTI2207016', 67, 4),
(521, '2022-07-11', 'TO-PTI2207016', 180, 10),
(522, '2022-07-11', 'TO-PTI2207016', 175, 5),
(523, '2022-07-11', 'TO-PTI2207016', 177, 5),
(524, '2022-07-11', 'TO-PTI2207016', 176, 5),
(525, '2022-07-11', 'TO-PTI2207016', 184, 10),
(526, '2022-07-11', 'TO-PTI2207016', 186, 10),
(527, '2022-07-11', 'TO-PTI2207016', 185, 10),
(528, '2022-07-11', 'TO-PTI2207016', 4, 1),
(529, '2022-07-11', 'TO-PTI2207016', 60, 12),
(530, '2022-07-11', 'TO-PTI2207016', 51, 2),
(531, '2022-07-11', 'TO-PTI2207016', 250, 3),
(532, '2022-07-11', 'TO-PTI2207015', 252, 5),
(533, '2022-07-11', 'TO-PTI2207015', 375, 60),
(534, '2022-07-11', 'TO-PTI2207014', 45, 20),
(535, '2022-07-11', 'TO-PTI2207014', 160, 3),
(536, '2022-07-11', 'TO-PTI2207014', 189, 20),
(537, '2022-07-12', '-', 222, 2),
(538, '2022-07-12', '-', 425, 2),
(539, '2022-07-12', '-', 426, 50),
(540, '2022-07-08', '-', 422, 2),
(541, '2022-07-13', 'TO-PTI2207018', 221, 2),
(542, '2022-07-13', 'TO-PTI2207020', 251, 8),
(543, '2022-07-13', 'TO-PTI2207019', 219, 15),
(544, '2022-07-13', 'TO-PTI2207019', 247, 40),
(545, '2022-07-13', 'TO-PTI2207019', 42, 2500),
(546, '2022-07-13', 'TO-PTI2207019', 380, 10),
(547, '2022-07-13', 'TO-PTI2207019', 45, 20),
(548, '2022-07-13', 'TO-PTI2207019', 353, 8),
(549, '2022-07-13', 'TO-PTI2207019', 37, 15),
(550, '2022-07-13', 'TO-PTI2207019', 51, 10),
(551, '2022-07-14', 'TO-PTI2207019', 223, 3),
(552, '2022-07-14', 'TO-PTI2207019', 427, 1),
(553, '2022-07-14', 'TO-PTI2207019', 428, 1),
(554, '2022-07-14', 'TO-PTI2207019', 208, 3),
(555, '2022-07-13', 'DN029/NR/PTI/0722', 429, 3),
(556, '2022-07-13', 'DN029/NR/PTI/0722', 430, 1),
(557, '2022-07-14', 'DN031/NR/PTI/0722', 431, 75),
(558, '2022-07-14', 'DN032/NR/PTI/0722', 432, 25),
(559, '2022-07-14', 'DN037/NR/PTI/', 64, 20),
(560, '2022-07-14', '-', 126, 1),
(561, '2022-07-15', 'TO-PTI220721', 38, 25),
(562, '2022-07-15', 'TO-PTI220721', 189, 20),
(563, '2022-07-15', 'TO-PTI220721', 30, 4),
(564, '2022-07-15', 'TO-PTI220721', 163, 15),
(565, '2022-07-15', 'TO-PTI220721', 188, 25),
(566, '2022-07-15', 'TO-KIN2207288', 198, 6),
(567, '2022-07-15', 'TO-KIN2207288', 433, 500),
(568, '2022-07-15', 'TO-KIN2207288', 434, 500),
(569, '2022-07-15', 'TO-KIN2207288', 435, 500),
(570, '2022-07-15', 'TO-KIN2207288', 394, 2),
(571, '2022-07-15', 'TO-KIN2207288', 436, 1),
(572, '2022-07-15', 'TO-KIN2207288', 408, 1),
(573, '2022-07-07', 'DN013/NR/PTI/0722', 437, 20),
(574, '2022-07-13', 'DN028/NR/PTI/0722', 385, 4),
(575, '2022-07-13', 'DN028/NR/PTI/0722', 387, 4),
(576, '2022-07-07', 'TO-PTI2207010', 380, 10),
(577, '2022-07-07', 'TO-PTI2207010', 293, 25),
(578, '2022-07-07', 'TO-PTI2207010', 375, 60),
(579, '2022-07-07', 'TO-PTI220700', 163, 15),
(580, '2022-07-19', 'TO-PTI2207024', 38, 5),
(581, '2022-07-19', 'TO-PTI2207022', 232, 10),
(582, '2022-07-19', 'TO-PTI2207022', 233, 10),
(583, '2022-07-19', 'TO-PTI2207022', 180, 10),
(584, '2022-07-19', 'TO-PTI2207022', 51, 9),
(585, '2022-07-19', 'TO-PTI2207022', 48, 2),
(586, '2022-07-19', 'TO-PTI2207023', 65, 30),
(587, '2022-07-19', 'TO-PTI2207023', 69, 30),
(588, '2022-07-19', 'TO-PTI2207023', 228, 50),
(589, '2022-07-19', 'TO-PTI2207023', 227, 25),
(590, '2022-07-19', 'TO-PTI2207023', 226, 50),
(591, '2022-07-19', 'TO-PTI2207023', 225, 25),
(592, '2022-07-19', 'TO-PTI2207023', 311, 1),
(593, '2022-07-19', 'TO-PTI2207023', 391, 2),
(594, '2022-07-19', 'TO-PTI2207023', 312, 15),
(595, '2022-07-19', 'TO-PTI2207023', 9, 4),
(596, '2022-07-19', 'TO-PTI2207023', 35, 3),
(597, '2022-07-19', 'TO-PTI2207023', 67, 5),
(598, '2022-07-19', 'TO-PTI2207023', 241, 24),
(599, '2022-07-19', 'TO-PTI2207023', 218, 3),
(600, '2022-07-19', 'TO-PTI2207023', 375, 20),
(601, '2022-07-19', 'TO-PTI2207023', 256, 60),
(602, '2022-07-19', 'TO-PTI2207023', 259, 72),
(603, '2022-07-19', 'TO-PTI2207023', 403, 12),
(604, '2022-07-19', 'TO-PTI2207023', 317, 1),
(605, '2022-07-19', 'TO-PTI2207023', 411, 2),
(606, '2022-07-19', 'TO-PTI2207023', 308, 3),
(607, '2022-07-06', 'TO-PTI2207006', 191, 15),
(608, '2022-07-15', '-', 426, 2),
(609, '2022-07-20', 'TO-PTI2207029', 191, 8),
(610, '2022-07-20', 'TO-PTI2207028', 229, 25),
(611, '2022-07-20', 'TO-PTI2207028', 250, 4),
(612, '2022-07-20', 'TO-PTI2207028', 293, 30),
(613, '2022-07-20', 'TO-PTI2207028', 172, 2),
(614, '2022-07-20', 'TO-PTI2207027', 317, 5),
(615, '2022-07-20', 'TO-PTI2207030', 439, 2),
(616, '2022-07-08', '010/SJ/NRM/0722', 440, 1),
(617, '2022-07-08', '010/SJ/NRM/0722', 441, 50),
(618, '2022-07-21', '-', 442, 20),
(619, '2022-07-08', 'TO-PTI2207012', 209, 1);

-- --------------------------------------------------------

--
-- Struktur dari tabel `tb_departemen`
--

CREATE TABLE `tb_departemen` (
  `id` int(11) NOT NULL,
  `departemen` varchar(25) NOT NULL,
  `created_at` timestamp NOT NULL DEFAULT CURRENT_TIMESTAMP,
  `modified_at` timestamp NOT NULL DEFAULT CURRENT_TIMESTAMP
) ENGINE=InnoDB DEFAULT CHARSET=utf8;

--
-- Dumping data untuk tabel `tb_departemen`
--

INSERT INTO `tb_departemen` (`id`, `departemen`, `created_at`, `modified_at`) VALUES
(1, 'Engineeringssz', '2018-01-24 10:18:20', '2018-01-24 10:19:24'),
(2, 'IT', '2018-01-24 10:18:20', '2018-01-24 10:19:24'),
(3, 'Finance', '2018-01-24 10:18:20', '2018-01-24 10:19:24'),
(5, 'Production Facilities', '2018-01-24 10:18:20', '2018-01-24 10:19:24'),
(6, 'Show', '2018-01-24 10:18:20', '2018-01-24 10:19:24'),
(7, 'Food n Beverages', '2018-01-24 10:18:20', '2018-01-24 10:19:24'),
(8, 'Operation', '2018-01-24 10:18:20', '2018-01-24 10:19:24');

-- --------------------------------------------------------

--
-- Struktur dari tabel `tb_habispakai`
--

CREATE TABLE `tb_habispakai` (
  `id` int(11) NOT NULL,
  `model` int(3) NOT NULL,
  `stok` int(3) NOT NULL
) ENGINE=InnoDB DEFAULT CHARSET=latin1;

--
-- Dumping data untuk tabel `tb_habispakai`
--

INSERT INTO `tb_habispakai` (`id`, `model`, `stok`) VALUES
(1, 11, 25),
(2, 13, 10),
(3, 15, 10),
(5, 16, 6),
(9, 14, 10),
(10, 17, 3),
(11, 12, 1);

-- --------------------------------------------------------

--
-- Struktur dari tabel `tb_habispakai_in`
--

CREATE TABLE `tb_habispakai_in` (
  `id` int(11) NOT NULL,
  `model_habispakai` int(3) NOT NULL,
  `qty_in` int(3) NOT NULL,
  `tgl_order` date NOT NULL,
  `no_order` varchar(50) NOT NULL
) ENGINE=InnoDB DEFAULT CHARSET=latin1;

--
-- Dumping data untuk tabel `tb_habispakai_in`
--

INSERT INTO `tb_habispakai_in` (`id`, `model_habispakai`, `qty_in`, `tgl_order`, `no_order`) VALUES
(5, 17, 2, '0000-00-00', '000'),
(7, 11, 10, '2018-02-03', 'po 101010'),
(8, 14, 1, '2018-02-03', 'po 11111'),
(9, 11, 1, '2018-02-03', ''),
(10, 11, 10, '0000-00-00', 'po sepuluh'),
(11, 11, 10, '2018-02-10', 'masuk lagi');

-- --------------------------------------------------------

--
-- Struktur dari tabel `tb_habispakai_out`
--

CREATE TABLE `tb_habispakai_out` (
  `id` int(11) NOT NULL,
  `model_habispakai` int(3) NOT NULL,
  `qty_out` int(3) NOT NULL,
  `tgl_order` date NOT NULL,
  `no_order` varchar(50) NOT NULL,
  `id_nama` int(3) NOT NULL
) ENGINE=InnoDB DEFAULT CHARSET=latin1;

--
-- Dumping data untuk tabel `tb_habispakai_out`
--

INSERT INTO `tb_habispakai_out` (`id`, `model_habispakai`, `qty_out`, `tgl_order`, `no_order`, `id_nama`) VALUES
(1, 11, 1, '0000-00-00', '', 2),
(2, 11, 10, '0000-00-00', 'mr sepuluh', 1),
(3, 11, 10, '0000-00-00', '10 lagi', 1),
(4, 11, 5, '0000-00-00', '55', 1),
(5, 11, 11, '0000-00-00', '11', 2),
(6, 11, 4, '0000-00-00', 'po empatt', 2),
(7, 11, 10, '2018-02-10', 'po 10101010', 3),
(8, 11, 5, '0000-00-00', '', 0),
(9, 11, 5, '0000-00-00', '', 2),
(10, 11, 5, '0000-00-00', '', 0);

-- --------------------------------------------------------

--
-- Struktur dari tabel `tb_kategori`
--

CREATE TABLE `tb_kategori` (
  `id` int(11) NOT NULL,
  `kategori` varchar(50) NOT NULL,
  `tipe` int(3) NOT NULL,
  `created_at` timestamp NOT NULL DEFAULT CURRENT_TIMESTAMP,
  `modified_at` timestamp NOT NULL DEFAULT CURRENT_TIMESTAMP
) ENGINE=InnoDB DEFAULT CHARSET=utf8;

--
-- Dumping data untuk tabel `tb_kategori`
--

INSERT INTO `tb_kategori` (`id`, `kategori`, `tipe`, `created_at`, `modified_at`) VALUES
(1, 'Personal Computer', 1, '2018-01-24 10:20:17', '2018-01-24 10:20:17'),
(2, 'Web Cam', 1, '2018-01-24 10:20:17', '2018-01-24 10:20:17'),
(3, 'Switch', 1, '2018-01-24 10:20:17', '2018-01-24 10:20:17'),
(4, 'LCD Monitor', 1, '2018-01-24 10:20:17', '2018-01-24 10:20:17'),
(5, 'USB Mouse', 2, '2018-01-24 10:20:17', '2018-01-24 10:20:17'),
(6, 'USB Keyboard', 2, '2018-01-24 10:20:17', '2018-01-24 10:20:17'),
(7, 'Notebook', 1, '2018-01-24 10:20:17', '2018-01-24 10:20:17'),
(8, 'Tinta Printer', 3, '2018-01-24 10:20:17', '2018-01-24 10:20:17'),
(9, 'External Harddisk', 1, '2018-01-24 10:20:17', '2018-01-24 10:20:17'),
(10, 'Konektor', 3, '2018-01-24 10:20:17', '2018-01-24 10:20:17'),
(11, 'Printer', 1, '2018-01-24 12:22:00', '2018-01-24 12:22:00'),
(12, 'Cartridge', 3, '2018-01-26 11:12:54', '2018-01-26 11:12:54'),
(13, 'metallicasz', 4, '2018-02-01 08:30:22', '2018-02-01 08:30:22');

-- --------------------------------------------------------

--
-- Struktur dari tabel `tb_log`
--

CREATE TABLE `tb_log` (
  `log_id` int(11) NOT NULL,
  `log_time` timestamp NULL DEFAULT CURRENT_TIMESTAMP ON UPDATE CURRENT_TIMESTAMP,
  `log_user` varchar(255) DEFAULT NULL,
  `log_tipe` int(11) DEFAULT NULL,
  `log_desc` varchar(255) DEFAULT NULL
) ENGINE=InnoDB DEFAULT CHARSET=latin1;

--
-- Dumping data untuk tabel `tb_log`
--

INSERT INTO `tb_log` (`log_id`, `log_time`, `log_user`, `log_tipe`, `log_desc`) VALUES
(9, '2018-01-23 11:03:49', NULL, 4, 'mengubah data'),
(10, '2018-01-23 11:12:17', NULL, 4, 'mengubah data'),
(11, '2018-01-23 11:12:52', NULL, 4, 'mengubah data'),
(12, '2018-01-24 10:03:06', NULL, 4, 'mengubah data'),
(13, '2018-01-24 11:22:35', NULL, 4, 'mengubah data'),
(14, '2018-01-24 11:22:49', NULL, 4, 'mengubah data'),
(15, '2018-01-24 12:22:37', NULL, 4, 'mengubah data'),
(16, '2018-01-25 04:02:38', NULL, 4, 'mengubah data'),
(17, '2018-01-25 04:02:43', NULL, 4, 'mengubah data'),
(18, '2018-01-25 04:02:47', NULL, 4, 'mengubah data'),
(19, '2018-01-25 04:03:01', NULL, 4, 'mengubah data'),
(20, '2018-01-25 04:03:18', NULL, 4, 'mengubah data'),
(21, '2018-01-25 04:14:29', NULL, 4, 'mengubah data'),
(22, '2018-01-25 04:14:39', NULL, 4, 'mengubah data'),
(23, '2018-01-25 09:40:44', NULL, 4, 'mengubah data'),
(24, '2018-01-26 02:58:01', NULL, 4, 'mengubah data'),
(25, '2018-01-26 02:58:06', NULL, 4, 'mengubah data'),
(26, '2018-01-26 11:31:17', NULL, 4, 'mengubah data'),
(27, '2018-01-26 11:31:25', NULL, 4, 'mengubah data'),
(28, '2018-01-26 11:31:32', NULL, 4, 'mengubah data'),
(29, '2018-01-29 12:46:57', NULL, 4, 'mengubah data'),
(30, '2018-01-30 04:07:53', NULL, 4, 'mengubah data'),
(31, '2018-01-30 04:09:21', NULL, 4, 'mengubah data'),
(32, '2018-01-30 04:18:34', NULL, 4, 'mengubah data'),
(33, '2018-01-30 07:03:09', NULL, 4, 'mengubah data'),
(34, '2018-01-30 07:05:51', NULL, 4, 'mengubah data'),
(35, '2018-01-30 09:42:14', NULL, 4, 'mengubah data'),
(36, '2018-02-03 02:17:10', NULL, 4, 'mengubah data'),
(37, '2018-02-03 04:02:57', NULL, 4, 'mengubah data'),
(38, '2018-02-03 04:05:12', NULL, 4, 'mengubah data'),
(39, '2018-02-03 04:05:28', NULL, 4, 'mengubah data'),
(40, '2018-02-03 06:42:53', NULL, 4, 'menambah stok'),
(41, '2018-02-03 08:47:53', NULL, 4, 'mengeluarkan stok'),
(42, '2018-02-03 08:51:15', NULL, 4, 'mengeluarkan stok'),
(43, '2018-02-03 08:53:04', NULL, 4, 'mengeluarkan stok'),
(44, '2018-02-03 08:53:22', NULL, 4, 'mengeluarkan stok'),
(45, '2018-02-03 08:53:41', NULL, 4, 'mengeluarkan stok'),
(46, '2018-02-03 09:24:25', NULL, 4, 'mengeluarkan stok'),
(47, '2018-02-03 09:24:59', NULL, 4, 'menambah stok'),
(48, '2018-02-03 09:27:59', NULL, 4, 'menambah stok'),
(49, '2018-02-05 04:11:06', NULL, 4, 'mengeluarkan stok'),
(50, '2018-02-05 04:24:16', NULL, 4, 'mengeluarkan stok'),
(51, '2018-02-05 04:24:53', NULL, 4, 'mengeluarkan stok'),
(52, '2018-02-05 04:24:59', NULL, 4, 'mengeluarkan stok');

-- --------------------------------------------------------

--
-- Struktur dari tabel `tb_lokasi`
--

CREATE TABLE `tb_lokasi` (
  `id` int(11) NOT NULL,
  `lokasi` varchar(50) NOT NULL,
  `created_at` timestamp NOT NULL DEFAULT CURRENT_TIMESTAMP,
  `modified_at` timestamp NOT NULL DEFAULT CURRENT_TIMESTAMP
) ENGINE=InnoDB DEFAULT CHARSET=utf8;

--
-- Dumping data untuk tabel `tb_lokasi`
--

INSERT INTO `tb_lokasi` (`id`, `lokasi`, `created_at`, `modified_at`) VALUES
(1, 'Office Atas', '2018-01-24 10:21:43', '2018-01-24 10:21:43'),
(2, 'Office Bawah', '2018-01-24 10:21:43', '2018-01-24 10:21:43'),
(3, 'Ruang IT', '2018-01-24 10:21:43', '2018-01-24 10:21:43'),
(4, 'Panel Lost City', '2018-01-24 10:21:43', '2018-01-24 10:21:43'),
(5, 'Panel Cartoon City', '2018-01-24 10:21:43', '2018-01-24 10:21:43'),
(6, 'Panel Magic Corner', '2018-01-24 10:21:43', '2018-01-24 10:21:43'),
(7, 'Ruang Show Basement', '2018-01-24 10:21:43', '2018-01-24 10:21:43'),
(8, 'Kitchen Basement', '2018-01-24 10:21:43', '2018-01-24 10:21:43'),
(9, 'Gudang Basement', '2018-01-24 10:21:43', '2018-01-24 10:21:43'),
(10, 'Studio Mie', '2018-01-24 10:21:43', '2018-01-24 10:21:43'),
(15, 'Studio FriedChicken', '2018-01-31 08:25:10', '2018-01-31 08:25:10');

-- --------------------------------------------------------

--
-- Struktur dari tabel `tb_manufaktur`
--

CREATE TABLE `tb_manufaktur` (
  `id` int(11) NOT NULL,
  `manufaktur` varchar(50) NOT NULL,
  `created_at` timestamp NOT NULL DEFAULT CURRENT_TIMESTAMP,
  `modified_at` timestamp NOT NULL DEFAULT CURRENT_TIMESTAMP
) ENGINE=InnoDB DEFAULT CHARSET=utf8;

--
-- Dumping data untuk tabel `tb_manufaktur`
--

INSERT INTO `tb_manufaktur` (`id`, `manufaktur`, `created_at`, `modified_at`) VALUES
(1, 'Acer', '2018-01-24 10:22:19', '2018-01-24 10:22:19'),
(2, 'Canon', '2018-01-24 10:22:19', '2018-01-24 10:22:19'),
(3, 'TP-Link', '2018-01-24 10:22:19', '2018-01-24 10:22:19'),
(4, 'Cisco', '2018-01-24 10:22:19', '2018-01-24 10:22:19'),
(5, 'D-Link', '2018-01-24 10:22:19', '2018-01-24 10:22:19'),
(6, 'Epson', '2018-01-24 10:22:19', '2018-01-24 10:22:19'),
(7, 'IBM', '2018-01-24 10:22:19', '2018-01-24 10:22:19'),
(8, 'Asus', '2018-01-24 10:22:19', '2018-01-24 10:22:19'),
(9, 'HP', '2018-01-24 10:22:19', '2018-01-24 10:22:19'),
(10, 'Dell', '2018-01-24 10:22:19', '2018-01-24 10:22:19'),
(11, 'ICA', '2018-01-24 10:22:19', '2018-01-24 10:22:19'),
(12, 'Engenius', '2018-01-24 10:22:19', '2018-01-24 10:22:19'),
(13, 'BenQ', '2018-01-25 04:07:32', '2018-01-25 04:07:32');

-- --------------------------------------------------------

--
-- Struktur dari tabel `tb_model`
--

CREATE TABLE `tb_model` (
  `id` int(11) NOT NULL,
  `model` varchar(25) NOT NULL,
  `manufaktur` int(3) NOT NULL,
  `kategori` int(3) NOT NULL,
  `catatan` text NOT NULL,
  `created_at` timestamp NOT NULL DEFAULT CURRENT_TIMESTAMP,
  `modified_at` timestamp NOT NULL DEFAULT CURRENT_TIMESTAMP
) ENGINE=InnoDB DEFAULT CHARSET=utf8;

--
-- Dumping data untuk tabel `tb_model`
--

INSERT INTO `tb_model` (`id`, `model`, `manufaktur`, `kategori`, `catatan`, `created_at`, `modified_at`) VALUES
(1, 'Aspire 4732Zzzz', 1, 7, 'Catatan-mungkin saja bergunazzzz', '2018-01-24 10:25:24', '2018-01-24 10:25:24'),
(2, 'Aspire 4738Z', 1, 7, 'Laptop Office Standard', '2018-01-24 12:21:36', '2018-01-24 12:21:36'),
(3, 'IP1980', 2, 11, 'Inkjet Printers', '2018-01-24 12:23:06', '2018-01-24 12:23:06'),
(5, 'X163W 16 Inchi', 1, 4, '', '2018-01-25 04:08:06', '2018-01-25 04:08:06'),
(6, 'G610HDA 16 Inch', 13, 4, '', '2018-01-25 04:08:34', '2018-01-25 04:08:34'),
(7, 'IP2770', 2, 11, '', '2018-01-25 04:12:18', '2018-01-25 04:12:18'),
(8, '15 Inch', 10, 4, '', '2018-01-25 04:13:04', '2018-01-25 04:13:04'),
(9, '1008 DE 8 Port', 5, 3, '', '2018-01-25 04:13:25', '2018-01-25 04:13:25'),
(10, 'L220', 6, 11, '', '2018-01-25 04:13:53', '2018-01-25 04:13:53'),
(11, 'PG 40', 2, 12, '', '2018-01-26 11:13:16', '2018-01-26 11:13:16'),
(12, 'CL 41', 2, 12, '', '2018-01-29 06:15:16', '2018-01-29 06:15:16'),
(13, 'PG 810', 2, 12, '', '2018-01-29 06:15:51', '2018-01-29 06:15:51'),
(14, 'CL 811', 2, 12, 'Warna', '2018-01-29 06:16:38', '2018-01-29 06:16:38'),
(15, '60 Black', 9, 12, '', '2018-01-29 09:11:26', '2018-01-29 09:11:26'),
(16, '60 Color', 9, 12, 'Warna', '2018-01-29 09:11:39', '2018-01-29 09:11:39'),
(17, 'Cyan 1000mL', 2, 8, '', '2018-02-03 02:15:54', '2018-02-03 02:15:54');

-- --------------------------------------------------------

--
-- Struktur dari tabel `tb_pemakai`
--

CREATE TABLE `tb_pemakai` (
  `id` int(11) NOT NULL,
  `nama` varchar(25) NOT NULL,
  `nik` varchar(15) NOT NULL,
  `departemen` int(3) NOT NULL,
  `lokasi` int(3) NOT NULL,
  `alamat` varchar(50) NOT NULL,
  `no_telp` varchar(15) NOT NULL,
  `catatan` text NOT NULL,
  `created_at` timestamp NOT NULL DEFAULT CURRENT_TIMESTAMP,
  `modified_at` timestamp NOT NULL DEFAULT CURRENT_TIMESTAMP
) ENGINE=InnoDB DEFAULT CHARSET=utf8;

--
-- Dumping data untuk tabel `tb_pemakai`
--

INSERT INTO `tb_pemakai` (`id`, `nama`, `nik`, `departemen`, `lokasi`, `alamat`, `no_telp`, `catatan`, `created_at`, `modified_at`) VALUES
(1, 'fajris', 'f09-0004', 3, 1, 'jl. tamangapa selatan', '08529977945', '', '2018-01-25 07:27:43', '2018-01-25 07:27:43'),
(2, 'Dewis', '', 1, 9, '', '0811ss', '', '2018-01-26 02:58:40', '2018-01-26 02:58:40'),
(3, 'Hendra', '', 3, 1, '', '0', '', '2018-02-04 15:46:45', '2018-02-04 15:46:45');

-- --------------------------------------------------------

--
-- Struktur dari tabel `tb_tipe`
--

CREATE TABLE `tb_tipe` (
  `id` int(11) NOT NULL,
  `tipe` varchar(25) NOT NULL,
  `created_at` timestamp NOT NULL DEFAULT CURRENT_TIMESTAMP,
  `modified_at` timestamp NOT NULL DEFAULT CURRENT_TIMESTAMP
) ENGINE=InnoDB DEFAULT CHARSET=utf8;

--
-- Dumping data untuk tabel `tb_tipe`
--

INSERT INTO `tb_tipe` (`id`, `tipe`, `created_at`, `modified_at`) VALUES
(1, 'Aset', '2018-01-24 10:23:18', '2018-01-24 10:23:18'),
(2, 'Asesoris', '2018-01-24 10:23:18', '2018-01-24 10:23:18'),
(3, 'Habis Pakai', '2018-01-24 10:23:18', '2018-01-24 10:23:18'),
(4, 'Komponen', '2018-01-24 10:23:18', '2018-01-24 10:23:18');

-- --------------------------------------------------------

--
-- Struktur dari tabel `tb_user`
--

CREATE TABLE `tb_user` (
  `id` int(11) NOT NULL,
  `first_name` varchar(100) NOT NULL,
  `last_name` varchar(100) NOT NULL
) ENGINE=InnoDB DEFAULT CHARSET=utf8;

--
-- Dumping data untuk tabel `tb_user`
--

INSERT INTO `tb_user` (`id`, `first_name`, `last_name`) VALUES
(2, 'johnn', 'smit'),
(4, 'joni', 'iskandar'),
(5, 'iwan', 'sumarsan');

-- --------------------------------------------------------

--
-- Struktur dari tabel `user`
--

CREATE TABLE `user` (
  `user_id` int(11) NOT NULL,
  `username` varchar(255) NOT NULL,
  `password` varchar(255) NOT NULL,
  `email` varchar(255) NOT NULL,
  `level` enum('admin','user') NOT NULL,
  `blokir` enum('N','Y') NOT NULL
) ENGINE=InnoDB DEFAULT CHARSET=latin1;

--
-- Dumping data untuk tabel `user`
--

INSERT INTO `user` (`user_id`, `username`, `password`, `email`, `level`, `blokir`) VALUES
(10, 'admin', 'cd8107463fa4bf0c67744eede44a5826', 'admin@admin', 'admin', ''),
(26, 'scan', 'f228677b4afd40da10e69a420592980e', 'scannrm@gmail.com', 'user', ''),
(27, 'yanyan', 'bbbfd7f89990353fe7324b133e830b03', 'itpiranti@gmail.com', 'admin', '');

-- --------------------------------------------------------

--
-- Stand-in struktur untuk tampilan `vbarang`
-- (Lihat di bawah untuk tampilan aktual)
--
CREATE TABLE `vbarang` (
`pk_barang_id` int(11)
,`id_barang` varchar(20)
,`nama_barang` varchar(20)
,`fk_jenisbarang_id` int(11)
,`stok` int(11)
,`fk_satuan_id` int(11)
,`created_by` int(11)
,`created_date` datetime
,`jenis_barang` varchar(50)
,`satuan_barang` varchar(50)
,`kocak` varchar(73)
,`stokbarang` decimal(32,0)
,`keluar` decimal(32,0)
);

-- --------------------------------------------------------

--
-- Struktur untuk view `keluar`
--
DROP TABLE IF EXISTS `keluar`;

CREATE ALGORITHM=UNDEFINED DEFINER=`root`@`localhost` SQL SECURITY DEFINER VIEW `keluar`  AS  select `kl`.`id_barang` AS `id_barang`,sum(`kl`.`jumlah_keluar`) AS `stok` from `tbl_transaksi_keluar` `kl` where (`kl`.`status` = 1) group by `kl`.`id_barang` ;

-- --------------------------------------------------------

--
-- Struktur untuk view `stok`
--
DROP TABLE IF EXISTS `stok`;

CREATE ALGORITHM=UNDEFINED DEFINER=`root`@`localhost` SQL SECURITY DEFINER VIEW `stok`  AS  select `tm`.`id_barang` AS `id_barang`,sum(`tm`.`jumlah_masuk`) AS `stok` from `tbl_transaksi_masuk` `tm` group by `tm`.`id_barang` ;

-- --------------------------------------------------------

--
-- Struktur untuk view `vbarang`
--
DROP TABLE IF EXISTS `vbarang`;

CREATE ALGORITHM=UNDEFINED DEFINER=`root`@`localhost` SQL SECURITY DEFINER VIEW `vbarang`  AS  select `tb`.`pk_barang_id` AS `pk_barang_id`,`tb`.`id_barang` AS `id_barang`,`tb`.`nama_barang` AS `nama_barang`,`tb`.`fk_jenisbarang_id` AS `fk_jenisbarang_id`,`tb`.`stok` AS `stok`,`tb`.`fk_satuan_id` AS `fk_satuan_id`,`tb`.`created_by` AS `created_by`,`tb`.`created_date` AS `created_date`,`tj`.`jenis_barang` AS `jenis_barang`,`ts`.`satuan_barang` AS `satuan_barang`,concat(`tb`.`nama_barang`,' (',`ts`.`satuan_barang`,')') AS `kocak`,`st`.`stok` AS `stokbarang`,`kl`.`stok` AS `keluar` from ((((`tbl_barang` `tb` left join `tbl_jenisbarang` `tj` on((`tb`.`fk_jenisbarang_id` = `tj`.`pk_jenisbarang_id`))) left join `tbl_satuan` `ts` on((`tb`.`fk_satuan_id` = `ts`.`pk_satuan_id`))) left join `stok` `st` on((`tb`.`pk_barang_id` = `st`.`id_barang`))) left join `keluar` `kl` on((`kl`.`id_barang` = `tb`.`pk_barang_id`))) ;

--
-- Indexes for dumped tables
--

--
-- Indeks untuk tabel `tbl_barang`
--
ALTER TABLE `tbl_barang`
  ADD PRIMARY KEY (`pk_barang_id`),
  ADD KEY `FK_tbl_barang_tbl_jenisbarang` (`fk_jenisbarang_id`),
  ADD KEY `FK_tbl_barang_tbl_satuan` (`fk_satuan_id`);

--
-- Indeks untuk tabel `tbl_jenisbarang`
--
ALTER TABLE `tbl_jenisbarang`
  ADD PRIMARY KEY (`pk_jenisbarang_id`);

--
-- Indeks untuk tabel `tbl_po`
--
ALTER TABLE `tbl_po`
  ADD KEY `FK_tbl_po_tbl_satuan` (`fk_satuan_id`);

--
-- Indeks untuk tabel `tbl_satuan`
--
ALTER TABLE `tbl_satuan`
  ADD PRIMARY KEY (`pk_satuan_id`) USING BTREE;

--
-- Indeks untuk tabel `tbl_transaksi_keluar`
--
ALTER TABLE `tbl_transaksi_keluar`
  ADD PRIMARY KEY (`pk_transaksi_keluar_id`) USING BTREE,
  ADD KEY `FK_tbl_transaksi_masuk_tbl_barang` (`id_barang`) USING BTREE;

--
-- Indeks untuk tabel `tbl_transaksi_masuk`
--
ALTER TABLE `tbl_transaksi_masuk`
  ADD PRIMARY KEY (`pk_transaksi_masuk_id`),
  ADD KEY `FK_tbl_transaksi_masuk_tbl_barang` (`id_barang`);

--
-- Indeks untuk tabel `tb_departemen`
--
ALTER TABLE `tb_departemen`
  ADD PRIMARY KEY (`id`);

--
-- Indeks untuk tabel `tb_habispakai`
--
ALTER TABLE `tb_habispakai`
  ADD PRIMARY KEY (`id`),
  ADD UNIQUE KEY `model` (`model`);

--
-- Indeks untuk tabel `tb_habispakai_in`
--
ALTER TABLE `tb_habispakai_in`
  ADD PRIMARY KEY (`id`);

--
-- Indeks untuk tabel `tb_habispakai_out`
--
ALTER TABLE `tb_habispakai_out`
  ADD PRIMARY KEY (`id`);

--
-- Indeks untuk tabel `tb_kategori`
--
ALTER TABLE `tb_kategori`
  ADD PRIMARY KEY (`id`);

--
-- Indeks untuk tabel `tb_log`
--
ALTER TABLE `tb_log`
  ADD PRIMARY KEY (`log_id`);

--
-- Indeks untuk tabel `tb_lokasi`
--
ALTER TABLE `tb_lokasi`
  ADD PRIMARY KEY (`id`);

--
-- Indeks untuk tabel `tb_manufaktur`
--
ALTER TABLE `tb_manufaktur`
  ADD PRIMARY KEY (`id`);

--
-- Indeks untuk tabel `tb_model`
--
ALTER TABLE `tb_model`
  ADD PRIMARY KEY (`id`);

--
-- Indeks untuk tabel `tb_pemakai`
--
ALTER TABLE `tb_pemakai`
  ADD PRIMARY KEY (`id`);

--
-- Indeks untuk tabel `tb_tipe`
--
ALTER TABLE `tb_tipe`
  ADD PRIMARY KEY (`id`);

--
-- Indeks untuk tabel `tb_user`
--
ALTER TABLE `tb_user`
  ADD PRIMARY KEY (`id`);

--
-- Indeks untuk tabel `user`
--
ALTER TABLE `user`
  ADD PRIMARY KEY (`user_id`);

--
-- AUTO_INCREMENT untuk tabel yang dibuang
--

--
-- AUTO_INCREMENT untuk tabel `tbl_barang`
--
ALTER TABLE `tbl_barang`
  MODIFY `pk_barang_id` int(11) NOT NULL AUTO_INCREMENT, AUTO_INCREMENT=443;

--
-- AUTO_INCREMENT untuk tabel `tbl_jenisbarang`
--
ALTER TABLE `tbl_jenisbarang`
  MODIFY `pk_jenisbarang_id` int(11) NOT NULL AUTO_INCREMENT, AUTO_INCREMENT=21;

--
-- AUTO_INCREMENT untuk tabel `tbl_satuan`
--
ALTER TABLE `tbl_satuan`
  MODIFY `pk_satuan_id` int(11) NOT NULL AUTO_INCREMENT, AUTO_INCREMENT=32;

--
-- AUTO_INCREMENT untuk tabel `tbl_transaksi_keluar`
--
ALTER TABLE `tbl_transaksi_keluar`
  MODIFY `pk_transaksi_keluar_id` int(11) NOT NULL AUTO_INCREMENT, AUTO_INCREMENT=1631;

--
-- AUTO_INCREMENT untuk tabel `tbl_transaksi_masuk`
--
ALTER TABLE `tbl_transaksi_masuk`
  MODIFY `pk_transaksi_masuk_id` int(11) NOT NULL AUTO_INCREMENT, AUTO_INCREMENT=620;

--
-- AUTO_INCREMENT untuk tabel `tb_departemen`
--
ALTER TABLE `tb_departemen`
  MODIFY `id` int(11) NOT NULL AUTO_INCREMENT, AUTO_INCREMENT=9;

--
-- AUTO_INCREMENT untuk tabel `tb_habispakai`
--
ALTER TABLE `tb_habispakai`
  MODIFY `id` int(11) NOT NULL AUTO_INCREMENT, AUTO_INCREMENT=12;

--
-- AUTO_INCREMENT untuk tabel `tb_habispakai_in`
--
ALTER TABLE `tb_habispakai_in`
  MODIFY `id` int(11) NOT NULL AUTO_INCREMENT, AUTO_INCREMENT=12;

--
-- AUTO_INCREMENT untuk tabel `tb_habispakai_out`
--
ALTER TABLE `tb_habispakai_out`
  MODIFY `id` int(11) NOT NULL AUTO_INCREMENT, AUTO_INCREMENT=11;

--
-- AUTO_INCREMENT untuk tabel `tb_kategori`
--
ALTER TABLE `tb_kategori`
  MODIFY `id` int(11) NOT NULL AUTO_INCREMENT, AUTO_INCREMENT=14;

--
-- AUTO_INCREMENT untuk tabel `tb_log`
--
ALTER TABLE `tb_log`
  MODIFY `log_id` int(11) NOT NULL AUTO_INCREMENT, AUTO_INCREMENT=53;

--
-- AUTO_INCREMENT untuk tabel `tb_lokasi`
--
ALTER TABLE `tb_lokasi`
  MODIFY `id` int(11) NOT NULL AUTO_INCREMENT, AUTO_INCREMENT=16;

--
-- AUTO_INCREMENT untuk tabel `tb_manufaktur`
--
ALTER TABLE `tb_manufaktur`
  MODIFY `id` int(11) NOT NULL AUTO_INCREMENT, AUTO_INCREMENT=14;

--
-- AUTO_INCREMENT untuk tabel `tb_model`
--
ALTER TABLE `tb_model`
  MODIFY `id` int(11) NOT NULL AUTO_INCREMENT, AUTO_INCREMENT=18;

--
-- AUTO_INCREMENT untuk tabel `tb_pemakai`
--
ALTER TABLE `tb_pemakai`
  MODIFY `id` int(11) NOT NULL AUTO_INCREMENT, AUTO_INCREMENT=4;

--
-- AUTO_INCREMENT untuk tabel `tb_tipe`
--
ALTER TABLE `tb_tipe`
  MODIFY `id` int(11) NOT NULL AUTO_INCREMENT, AUTO_INCREMENT=5;

--
-- AUTO_INCREMENT untuk tabel `tb_user`
--
ALTER TABLE `tb_user`
  MODIFY `id` int(11) NOT NULL AUTO_INCREMENT, AUTO_INCREMENT=6;

--
-- AUTO_INCREMENT untuk tabel `user`
--
ALTER TABLE `user`
  MODIFY `user_id` int(11) NOT NULL AUTO_INCREMENT, AUTO_INCREMENT=28;

--
-- Ketidakleluasaan untuk tabel pelimpahan (Dumped Tables)
--

--
-- Ketidakleluasaan untuk tabel `tbl_barang`
--
ALTER TABLE `tbl_barang`
  ADD CONSTRAINT `FK_tbl_barang_tbl_jenisbarang` FOREIGN KEY (`fk_jenisbarang_id`) REFERENCES `tbl_jenisbarang` (`pk_jenisbarang_id`),
  ADD CONSTRAINT `FK_tbl_barang_tbl_satuan` FOREIGN KEY (`fk_satuan_id`) REFERENCES `tbl_satuan` (`pk_satuan_id`);

--
-- Ketidakleluasaan untuk tabel `tbl_po`
--
ALTER TABLE `tbl_po`
  ADD CONSTRAINT `FK_tbl_po_tbl_satuan` FOREIGN KEY (`fk_satuan_id`) REFERENCES `tbl_satuan` (`pk_satuan_id`);

--
-- Ketidakleluasaan untuk tabel `tbl_transaksi_keluar`
--
ALTER TABLE `tbl_transaksi_keluar`
  ADD CONSTRAINT `tbl_transaksi_keluar_ibfk_1` FOREIGN KEY (`id_barang`) REFERENCES `tbl_barang` (`pk_barang_id`);

--
-- Ketidakleluasaan untuk tabel `tbl_transaksi_masuk`
--
ALTER TABLE `tbl_transaksi_masuk`
  ADD CONSTRAINT `FK_tbl_transaksi_masuk_tbl_barang` FOREIGN KEY (`id_barang`) REFERENCES `tbl_barang` (`pk_barang_id`);
COMMIT;

/*!40101 SET CHARACTER_SET_CLIENT=@OLD_CHARACTER_SET_CLIENT */;
/*!40101 SET CHARACTER_SET_RESULTS=@OLD_CHARACTER_SET_RESULTS */;
/*!40101 SET COLLATION_CONNECTION=@OLD_COLLATION_CONNECTION */;
